[34mBuilding with the following compilation flags:[0m
TRICK_CFLAGS   = [36m-Wall -I/jeod/models[0m
TRICK_CXXFLAGS = [36m-std=c++11 -Wall -I/jeod/models[0m
[34mRunning[0m    configuration_processor
[34mParsing    [00m[0mS_define[00m[0m[00m
[34mProcessing [00m[0mS_define[00m
[34mProcessing [00m[0m/usr/include/stdc-predef.h[00m
[34mContinuing [00m[0mS_define[00m
[34mProcessing [00m[0m/trick/share/trick/sim_objects/default_trick_sys.sm[00m
[34mProcessing [00m[0mSysSimObject[00m
[34mProcessing [00m[0mMonteCarloSimObject[00m
[34mProcessing [00m[0mMemoryManagerSimObject[00m
[34mProcessing [00m[0mCheckPointRestartSimObject[00m
[34mProcessing [00m[0mSieSimObject[00m
[34mProcessing [00m[0mCommandLineArgumentsSimObject[00m
[34mProcessing [00m[0mMessageSimObject[00m
[34mProcessing [00m[0mJITSimObject[00m
[34mProcessing [00m[0mInputProcessorSimObject[00m
[34mProcessing [00m[0mThreadProcessEventSimObject[00m
[34mProcessing [00m[0mEventManagerSimObject[00m
[34mProcessing [00m[0mVariableServerSimObject[00m
[34mProcessing [00m[0mDataRecordDispatcherSimObject[00m
[34mProcessing [00m[0mRTSyncSimObject[00m
[34mProcessing [00m[0mFrameLogSimObject[00m
[34mProcessing [00m[0mMasterSlaveSimObject[00m
[34mProcessing [00m[0mInstrumentationSimObject[00m
[34mProcessing [00m[0mInjectorExecSimObject[00m
[34mProcessing [00m[0mInjectorSimObject[00m
[34mProcessing [00m[0mZeroconfSimObject[00m
[34mProcessing [00m[0mUnitTestSimObject[00m
[34mProcessing [00m[0mUdUnitsSimObject[00m
[34mContinuing [00m[0mS_define[00m
[34mProcessing [00m[0m/jeod/lib/jeod/JEOD_S_modules/jeod_sys.sm[00m
[34mProcessing [00m[0mJEODSysSimObject[00m
[34mContinuing [00m[0mS_define[00m
[34mProcessing [00m[0mContact_S_modules/time.sm[00m
[34mProcessing [00m[0mJeod_timeSimObject[00m
[34mContinuing [00m[0mS_define[00m
[34mProcessing [00m[0mContact_S_modules/dynamics.sm[00m
[34mProcessing [00m[0mDynamicsSimObject[00m
[34mContinuing [00m[0mS_define[00m
[34mProcessing [00m[0mContact_S_modules/contact.sm[00m
[34mProcessing [00m[0mContactSimObject[00m
[34mContinuing [00m[0mS_define[00m
[34mProcessing [00m[0mContact_S_modules/sv_dyn.sm[00m
[34mProcessing [00m[0mSvDynSimObject[00m
[34mContinuing [00m[0mS_define[00m
[34mProcessing [00m[0mContact_S_modules/sv_collect_veh.sm[00m
[34mContinuing [00m[0mS_define[00m
[34mFinished   [00m[0mS_define[00m
[34mWriting    [00m[0mS_source.c[00m
[34mWriting[0m    Makefile_swig
[34mRunning[0m    ICG
[34mWriting    [39mbuild/jeod/models/dynamics/body_action/include/io_body_action.cpp
[34mWriting    [39mbuild/jeod/models/utils/container/include/io_checkpointable.cpp
[34mWriting    [39mbuild/jeod/models/utils/sim_interface/include/io_memory_interface.cpp
[34mWriting    [39mbuild/jeod/models/utils/sim_interface/include/io_checkpoint_input_manager.cpp
[34mWriting    [39mbuild/jeod/models/utils/sim_interface/include/io_checkpoint_output_manager.cpp
[34mWriting    [39mbuild/jeod/models/utils/sim_interface/include/io_jeod_integrator_interface.cpp
[34mWriting    [39mbuild/jeod/models/utils/sim_interface/include/io_simulation_interface.cpp
[34mWriting    [39mbuild/jeod/models/utils/memory/include/io_memory_item.cpp
[34mWriting    [39mbuild/jeod/models/utils/memory/include/io_memory_table.cpp
[34mWriting    [39mbuild/jeod/models/utils/memory/include/io_memory_messages.cpp
[34mWriting    [39mbuild/jeod/models/utils/message/include/io_message_handler.cpp
[34mWriting    [39mbuild/jeod/models/utils/memory/include/io_memory_type.cpp
[34mWriting    [39mbuild/jeod/models/utils/memory/include/io_memory_manager.cpp
[34mWriting    [39mbuild/jeod/models/dynamics/mass/include/io_mass_messages.cpp
[34mWriting    [39mbuild/jeod/models/dynamics/mass/include/io_mass_body_links.cpp
[34mWriting    [39mbuild/jeod/models/dynamics/mass/include/io_mass_point_links.cpp
[34mWriting    [39mbuild/jeod/models/utils/math/include/io_matrix3x3.cpp
[34mWriting    [39mbuild/jeod/models/utils/math/include/io_vector3.cpp
[34mWriting    [39mbuild/jeod/models/utils/math/include/io_numerical.cpp
[34mWriting    [39mbuild/jeod/models/utils/quaternion/include/io_quat.cpp
[34mWriting    [39mbuild/jeod/models/dynamics/mass/include/io_mass_point_state.cpp
[34mWriting    [39mbuild/jeod/models/utils/named_item/include/io_named_item.cpp
[34mWriting    [39mbuild/jeod/models/dynamics/mass/include/io_mass_point.cpp
[34mWriting    [39mbuild/jeod/models/utils/orientation/include/io_orientation.cpp
[34mWriting    [39mbuild/jeod/models/dynamics/mass/include/io_mass_point_init.cpp
[34mWriting    [39mbuild/jeod/models/dynamics/mass/include/io_mass_properties.cpp
[34mWriting    [39mbuild/jeod/models/dynamics/mass/include/io_mass.cpp
[34mWriting    [39mbuild/jeod/models/utils/ref_frames/include/io_ref_frame_items.cpp
[34mWriting    [39mbuild/jeod/models/utils/ref_frames/include/io_ref_frame_state.cpp
[34mWriting    [39mbuild/jeod/models/dynamics/body_action/include/io_dyn_body_init.cpp
[34mWriting    [39mbuild/jeod/models/dynamics/body_action/include/io_dyn_body_init_rot_state.cpp
[34mWriting    [39mbuild/jeod/models/dynamics/body_action/include/io_dyn_body_init_trans_state.cpp
[34mWriting    [39mbuild/jeod/models/dynamics/mass/include/io_mass_properties_init.cpp
[34mWriting    [39mbuild/jeod/models/dynamics/body_action/include/io_mass_body_init.cpp
[34mWriting    [39mbuild/jeod/models/dynamics/dyn_body/include/io_force.cpp
[34mWriting    [39mbuild/jeod/models/dynamics/dyn_body/include/io_torque.cpp
[34mWriting    [39mbuild/jeod/models/dynamics/dyn_body/include/io_body_force_collect.cpp
[34mWriting    [39mbuild/jeod/models/utils/ref_frames/include/io_ref_frame_messages.cpp
[34mWriting    [39mbuild/jeod/models/utils/ref_frames/include/io_ref_frame_links.cpp
[34mWriting    [39mbuild/jeod/models/utils/ref_frames/include/io_subscription.cpp
[34mWriting    [39mbuild/jeod/models/utils/ref_frames/include/io_ref_frame.cpp
[34mWriting    [39mbuild/jeod/models/utils/ref_frames/include/io_ref_frame_interface.cpp
[34mWriting    [39mbuild/jeod/models/dynamics/dyn_body/include/io_body_ref_frame.cpp
[34mWriting    [39mbuild/jeod/models/dynamics/dyn_body/include/io_dyn_body_generic_rigid_attach.cpp
[34mWriting    [39mbuild/jeod/models/dynamics/dyn_body/include/io_frame_derivs.cpp
[34mWriting    [39mbuild/jeod/models/environment/gravity/include/io_gravity_interaction.cpp
[34mWriting    [39mbuild/jeod/models/utils/container/include/io_simple_checkpointable.cpp
[34mWriting    [39mbuild/jeod/models/utils/integration/include/io_generalized_second_order_ode_technique.cpp
[34mWriting    [39mbuild/jeod/models/utils/integration/include/io_integration_messages.cpp
[34mWriting    [39mbuild/jeod/models/utils/integration/include/io_restartable_state_integrator_templates.cpp
[34mWriting    [39mbuild/jeod/models/utils/integration/include/io_restartable_state_integrator.cpp
[34mWriting    [39mbuild/jeod/models/dynamics/dyn_body/include/io_dyn_body.cpp
[34mWriting    [39mbuild/jeod/models/utils/ref_frames/include/io_base_ref_frame_manager.cpp
[34mWriting    [39mbuild/jeod/models/utils/ref_frames/include/io_ref_frame_manager.cpp
[34mWriting    [39mbuild/jeod/models/environment/ephemerides/ephem_manager/include/io_base_ephem_manager.cpp
[34mWriting    [39mbuild/jeod/models/environment/ephemerides/ephem_manager/include/io_ephem_manager.cpp
[34mWriting    [39mbuild/jeod/models/environment/ephemerides/ephem_interface/include/io_ephem_ref_frame.cpp
[34mWriting    [39mbuild/jeod/models/environment/gravity/include/io_gravity_source.cpp
[34mWriting    [39mbuild/jeod/models/environment/gravity/include/io_gravity_integ_frame.cpp
[34mWriting    [39mbuild/jeod/models/environment/planet/include/io_base_planet.cpp
[34mWriting    [39mbuild/jeod/models/environment/planet/include/io_planet.cpp
[34mWriting    [39mbuild/jeod/models/utils/integration/include/io_time_change_subscriber.cpp
[34mWriting    [39mbuild/jeod/models/utils/integration/include/io_jeod_integration_group.cpp
[34mWriting    [39mbuild/jeod/models/dynamics/dyn_manager/include/io_base_dyn_manager.cpp
[34mWriting    [39mbuild/jeod/models/dynamics/dyn_manager/include/io_dyn_manager_init.cpp
[34mWriting    [39mbuild/jeod/models/dynamics/dyn_manager/include/io_dynamics_integration_group.cpp
[34mWriting    [39mbuild/jeod/models/dynamics/dyn_manager/include/io_dyn_manager.cpp
[34mWriting    [39mbuild/jeod/models/environment/ephemerides/ephem_interface/include/io_ephem_interface.cpp
[34mWriting    [39mbuild/jeod/models/environment/ephemerides/ephem_item/include/io_ephem_item.cpp
[34mWriting    [39mbuild/jeod/models/environment/ephemerides/ephem_item/include/io_ephem_point.cpp
[34mWriting    [39mbuild/jeod/models/environment/ephemerides/ephem_interface/include/io_simple_ephemerides.cpp
[34mWriting    [39mbuild/jeod/models/environment/time/include/io_time_converter.cpp
[34mWriting    [39mbuild/jeod/models/environment/time/include/io_time_converter_dyn_tai.cpp
[34mWriting    [39mbuild/jeod/models/utils/integration/include/io_jeod_integration_time.cpp
[34mWriting    [39mbuild/jeod/models/environment/time/include/io_time_links.cpp
[34mWriting    [39mbuild/jeod/models/environment/time/include/io_time.cpp
[34mWriting    [39mbuild/jeod/models/environment/time/include/io_time_dyn.cpp
[34mWriting    [39mbuild/jeod/models/environment/time/include/io_time_manager.cpp
[34mWriting    [39mbuild/jeod/models/environment/time/include/io_time_enum.cpp
[34mWriting    [39mbuild/jeod/models/environment/time/include/io_time_manager_init.cpp
[34mWriting    [39mbuild/jeod/models/environment/time/include/io_time_standard.cpp
[34mWriting    [39mbuild/jeod/models/environment/time/include/io_time_tai.cpp
[34mWriting    [39mbuild/jeod/models/utils/surface_model/include/io_facet.cpp
[34mWriting    [39mbuild/jeod/models/utils/surface_model/include/io_interaction_facet.cpp
[34mWriting    [39mbuild/jeod/models/interactions/contact/include/io_contact_facet.cpp
[34mWriting    [39mbuild/jeod/models/dynamics/derived_state/include/io_derived_state.cpp
[34mWriting    [39mbuild/jeod/models/dynamics/derived_state/include/io_relative_derived_state.cpp
[34mWriting    [39mbuild/jeod/models/interactions/contact/include/io_contact_pair.cpp
[34mWriting    [39mbuild/jeod/models/interactions/contact/include/io_pair_interaction.cpp
[34mWriting    [39mbuild/jeod/models/interactions/contact/include/io_contact.cpp
[34mWriting    [39mbuild/jeod/models/utils/surface_model/include/io_facet_params.cpp
[34mWriting    [39mbuild/jeod/models/interactions/contact/include/io_contact_params.cpp
[34mWriting    [39mbuild/jeod/models/utils/surface_model/include/io_interaction_surface.cpp
[34mWriting    [39mbuild/jeod/models/interactions/contact/include/io_contact_surface.cpp
[34mWriting    [39mbuild/jeod/models/utils/surface_model/include/io_interaction_surface_factory.cpp
[34mWriting    [39mbuild/jeod/models/utils/surface_model/include/io_interaction_facet_factory.cpp
[34mWriting    [39mbuild/jeod/models/interactions/contact/include/io_line_contact_facet_factory.cpp
[34mWriting    [39mbuild/jeod/models/interactions/contact/include/io_point_contact_facet.cpp
[34mWriting    [39mbuild/jeod/models/interactions/contact/include/io_point_contact_pair.cpp
[34mWriting    [39mbuild/jeod/models/interactions/contact/include/io_line_contact_facet.cpp
[34mWriting    [39mbuild/jeod/models/interactions/contact/include/io_line_contact_pair.cpp
[34mWriting    [39mbuild/jeod/models/interactions/contact/include/io_line_point_contact_pair.cpp
[34mWriting    [39mbuild/jeod/models/interactions/contact/include/io_point_contact_facet_factory.cpp
[34mWriting    [39mbuild/jeod/models/interactions/contact/include/io_contact_surface_factory.cpp
[34mWriting    [39mbuild/jeod/models/interactions/contact/include/io_spring_pair_interaction.cpp
[34mWriting    [39mbuild/jeod/models/utils/sim_interface/include/io_trick_memory_interface.cpp
[34mWriting    [39mbuild/jeod/models/utils/sim_interface/include/io_trick10_memory_interface.cpp
[34mWriting    [39mbuild/jeod/models/utils/container/include/io_primitive_serializer.cpp
[34mWriting    [39mbuild/jeod/models/utils/message/include/io_suppressed_code_message_handler.cpp
[34mWriting    [39mbuild/jeod/models/utils/sim_interface/include/io_trick_message_handler.cpp
[34mWriting    [39mbuild/jeod/models/utils/sim_interface/include/io_trick_sim_interface.cpp
[34mWriting    [39mbuild/jeod/models/utils/sim_interface/include/io_jeod_trick_integrator.cpp
[34mWriting    [39mbuild/jeod/models/utils/surface_model/include/io_flat_plate.cpp
[34mWriting    [39mbuild/jeod/models/utils/surface_model/include/io_flat_plate_circular.cpp
[34mWriting    [39mbuild/jeod/models/utils/surface_model/include/io_cylinder.cpp
[34mWriting    [39mbuild/jeod/models/utils/surface_model/include/io_surface_model.cpp
[34mWriting    [39mbuild/jeod/models/interactions/contact/verif/SIM_contact/io_S_source.cpp
[34mWriting[39m    Makefile_io_src
[34mWriting[0m    Makefile_src
[34mNew Dep[0m    /jeod/models/dynamics/body_action/include/body_action.hh
[34mDepTracing[0m /jeod/models/dynamics/body_action/include/body_action.hh
[34mDepTracing[0m  /jeod/models/dynamics/body_action/src/body_action.cc
[34mDepTracing[0m   /jeod/models/dynamics/body_action/src/body_action_messages.cc
[34mDepTracing[0m   /jeod/models/dynamics/mass/src/mass_point_state.cc
[34mDepTracing[0m    /jeod/models/utils/quaternion/src/quat.cc
[34mDepTracing[0m     /jeod/models/utils/quaternion/src/quat_from_mat.cc
[34mDepTracing[0m    /jeod/models/utils/quaternion/src/quat_norm.cc
[34mDepTracing[0m    /jeod/models/utils/quaternion/src/quat_to_mat.cc
[34mDepTracing[0m   /jeod/models/utils/message/src/message_handler.cc
[34mDepTracing[0m    /jeod/models/utils/message/src/message_messages.cc
[34mDepTracing[0m   /jeod/models/utils/named_item/src/named_item.cc
[34mDepTracing[0m    /jeod/models/utils/named_item/src/named_item_demangle.cc
[34mDepTracing[0m    /jeod/models/utils/named_item/src/named_item_messages.cc
[34mDepTracing[0m /jeod/models/dynamics/body_action/include/dyn_body_init.hh
[34mDepTracing[0m  /jeod/models/dynamics/body_action/src/dyn_body_init.cc
[34mDepTracing[0m   /jeod/models/dynamics/dyn_body/src/dyn_body.cc
[34mDepTracing[0m    /jeod/models/dynamics/dyn_body/src/dyn_body_attach.cc
[34mDepTracing[0m     /jeod/models/dynamics/dyn_body/src/dyn_body_messages.cc
[34mDepTracing[0m     /jeod/models/dynamics/mass/src/mass.cc
[34mDepTracing[0m      /jeod/models/dynamics/mass/src/mass_attach.cc
[34mDepTracing[0m       /jeod/models/dynamics/mass/src/mass_point.cc
[34mDepTracing[0m        /jeod/models/dynamics/mass/src/mass_messages.cc
[34mDepTracing[0m      /jeod/models/dynamics/mass/src/mass_calc_composite_cm.cc
[34mDepTracing[0m      /jeod/models/dynamics/mass/src/mass_calc_composite_inertia.cc
[34mDepTracing[0m      /jeod/models/dynamics/mass/src/mass_point_mass_inertia.cc
[34mDepTracing[0m      /jeod/models/dynamics/mass/src/mass_detach.cc
[34mDepTracing[0m       /jeod/models/dynamics/dyn_manager/src/dyn_manager.cc
[34mDepTracing[0m        /jeod/models/dynamics/dyn_manager/src/dyn_bodies_primitives.cc
[34mDepTracing[0m         /jeod/models/dynamics/dyn_manager/src/dyn_manager_messages.cc
[34mDepTracing[0m        /jeod/models/dynamics/dyn_manager/src/gravitation.cc
[34mDepTracing[0m         /jeod/models/environment/gravity/src/gravity_manager.cc
[34mDepTracing[0m          /jeod/models/environment/gravity/src/gravity_source.cc
[34mDepTracing[0m           /jeod/models/environment/ephemerides/ephem_interface/src/ephem_ref_frame.cc
[34mDepTracing[0m            /jeod/models/environment/ephemerides/ephem_interface/src/ephem_messages.cc
[34mDepTracing[0m            /jeod/models/utils/ref_frames/src/ref_frame.cc
[34mDepTracing[0m             /jeod/models/utils/ref_frames/src/ref_frame_compute_relative_state.cc
[34mDepTracing[0m              /jeod/models/utils/ref_frames/src/ref_frame_messages.cc
[34mDepTracing[0m              /jeod/models/utils/ref_frames/src/ref_frame_state.cc
[34mDepTracing[0m             /jeod/models/utils/ref_frames/src/ref_frame_items.cc
[34mDepTracing[0m             /jeod/models/utils/ref_frames/src/ref_frame_manager.cc
[34mDepTracing[0m             /jeod/models/utils/ref_frames/src/subscription.cc
[34mDepTracing[0m          /jeod/models/environment/gravity/src/gravity_controls.cc
[34mDepTracing[0m           /jeod/models/environment/gravity/src/gravity_messages.cc
[34mDepTracing[0m        /jeod/models/dynamics/dyn_manager/src/initialize_dyn_bodies.cc
[34mDepTracing[0m         /jeod/models/dynamics/body_action/src/mass_body_init.cc
[34mDepTracing[0m          /jeod/models/dynamics/mass/src/mass_properties_init.cc
[34mDepTracing[0m           /jeod/models/dynamics/mass/src/mass_point_init.cc
[34mDepTracing[0m            /jeod/models/utils/orientation/src/orientation.cc
[34mDepTracing[0m             /jeod/models/utils/orientation/src/eigen_rotation.cc
[34mDepTracing[0m             /jeod/models/utils/orientation/src/euler_angles.cc
[34mDepTracing[0m             /jeod/models/utils/orientation/src/orientation_messages.cc
[34mDepTracing[0m             /jeod/models/utils/quaternion/src/quat_to_eigenrot.cc
[34mDepTracing[0m         /jeod/models/dynamics/body_action/src/body_attach.cc
[34mDepTracing[0m        /jeod/models/dynamics/dyn_manager/src/initialize_model.cc
[34mDepTracing[0m         /jeod/models/environment/ephemerides/ephem_item/src/ephem_item.cc
[34mDepTracing[0m          /jeod/models/environment/ephemerides/ephem_manager/src/ephem_manager.cc
[34mDepTracing[0m           /jeod/models/environment/ephemerides/ephem_manager/src/find_planet.cc
[34mDepTracing[0m           /jeod/models/environment/ephemerides/ephem_item/src/ephem_orient.cc
[34mDepTracing[0m           /jeod/models/environment/ephemerides/ephem_item/src/ephem_point.cc
[34mDepTracing[0m           /jeod/models/environment/planet/src/base_planet.cc
[34mDepTracing[0m            /jeod/models/environment/planet/src/planet_messages.cc
[34mDepTracing[0m          /jeod/models/utils/memory/src/memory_manager_static.cc
[34mDepTracing[0m           /jeod/models/utils/memory/src/memory_manager.cc
[34mDepTracing[0m            /jeod/models/utils/memory/src/memory_item.cc
[34mDepTracing[0m            /jeod/models/utils/memory/src/memory_messages.cc
[34mDepTracing[0m            /jeod/models/utils/memory/src/memory_type.cc
[34mDepTracing[0m        /jeod/models/dynamics/dyn_manager/src/initialize_simulation.cc
[34mDepTracing[0m        /jeod/models/dynamics/dyn_manager/src/integ_group_primitives.cc
[34mDepTracing[0m        /jeod/models/dynamics/dyn_manager/src/mass_bodies_primitives.cc
[34mDepTracing[0m        /jeod/models/dynamics/dyn_manager/src/perform_actions.cc
[34mDepTracing[0m        /jeod/models/dynamics/dyn_manager/src/dynamics_integration_group.cc
[34mDepTracing[0m         /jeod/models/environment/time/src/time_manager.cc
[34mDepTracing[0m          /jeod/models/environment/time/src/time_manager__initialize.cc
[34mDepTracing[0m           /jeod/models/environment/time/src/time.cc
[34mDepTracing[0m            /jeod/models/environment/time/src/time__add_type_update.cc
[34mDepTracing[0m             /jeod/models/environment/time/src/time_manager_init.cc
[34mDepTracing[0m              /jeod/models/environment/time/src/time_ude.cc
[34mDepTracing[0m               /jeod/models/environment/time/src/time_dyn.cc
[34mDepTracing[0m                /jeod/models/environment/time/src/time_messages.cc
[34mDepTracing[0m               /jeod/models/environment/time/src/time_standard.cc
[34mDepTracing[0m              /jeod/models/environment/time/src/time_converter.cc
[34mDepTracing[0m              /jeod/models/environment/time/src/time_converter_tai_utc.cc
[34mDepTracing[0m               /jeod/models/environment/time/src/time_tai.cc
[34mDepTracing[0m               /jeod/models/environment/time/src/time_utc.cc
[34mDepTracing[0m              /jeod/models/environment/time/src/time_converter_tai_ut1.cc
[34mDepTracing[0m               /jeod/models/environment/time/src/time_ut1.cc
[34mDepTracing[0m          /jeod/models/utils/integration/src/jeod_integration_time.cc
[34mDepTracing[0m           /jeod/models/utils/integration/src/integration_messages.cc
[34mDepTracing[0m         /jeod/models/utils/integration/src/jeod_integration_group.cc
[34mDepTracing[0m        /jeod/models/environment/ephemerides/ephem_interface/src/simple_ephemerides.cc
[34mDepTracing[0m       /jeod/models/utils/math/src/dm_invert_symm.cc
[34mDepTracing[0m        /jeod/models/utils/math/src/math_messages.cc
[34mDepTracing[0m      /jeod/models/dynamics/mass/src/mass_print_body.cc
[34mDepTracing[0m      /jeod/models/dynamics/mass/src/mass_print_tree.cc
[34mDepTracing[0m      /jeod/models/dynamics/mass/src/mass_reattach.cc
[34mDepTracing[0m      /jeod/models/dynamics/mass/src/mass_update.cc
[34mDepTracing[0m      /jeod/models/dynamics/dyn_body/src/dyn_body_vehicle_point.cc
[34mDepTracing[0m    /jeod/models/dynamics/dyn_body/src/dyn_body_collect.cc
[34mDepTracing[0m    /jeod/models/dynamics/dyn_body/src/dyn_body_detach.cc
[34mDepTracing[0m    /jeod/models/dynamics/dyn_body/src/dyn_body_find_body_frame.cc
[34mDepTracing[0m    /jeod/models/dynamics/dyn_body/src/dyn_body_integration.cc
[34mDepTracing[0m     /jeod/models/environment/gravity/src/gravity_interaction.cc
[34mDepTracing[0m      /jeod/models/environment/planet/src/planet.cc
[34mDepTracing[0m     /jeod/models/utils/integration/src/generalized_second_order_ode_technique.cc
[34mDepTracing[0m    /jeod/models/dynamics/dyn_body/src/dyn_body_initialize_model.cc
[34mDepTracing[0m    /jeod/models/dynamics/dyn_body/src/dyn_body_propagate_state.cc
[34mDepTracing[0m    /jeod/models/dynamics/dyn_body/src/dyn_body_set_state.cc
[34mDepTracing[0m    /jeod/models/dynamics/dyn_body/src/body_force_collect.cc
[34mDepTracing[0m    /jeod/models/dynamics/dyn_body/src/force.cc
[34mDepTracing[0m    /jeod/models/dynamics/dyn_body/src/torque.cc
[34mDepTracing[0m /jeod/models/dynamics/body_action/include/dyn_body_init_rot_state.hh
[34mDepTracing[0m  /jeod/models/dynamics/body_action/src/dyn_body_init_rot_state.cc
[34mDepTracing[0m /jeod/models/dynamics/body_action/include/dyn_body_init_trans_state.hh
[34mDepTracing[0m  /jeod/models/dynamics/body_action/src/dyn_body_init_trans_state.cc
[34mDepTracing[0m /jeod/models/dynamics/body_action/include/mass_body_init.hh
[34mDepTracing[0m /jeod/models/dynamics/derived_state/include/derived_state.hh
[34mDepTracing[0m  /jeod/models/dynamics/derived_state/src/derived_state.cc
[34mDepTracing[0m   /jeod/models/dynamics/derived_state/src/derived_state_messages.cc
[34mDepTracing[0m /jeod/models/dynamics/derived_state/include/relative_derived_state.hh
[34mDepTracing[0m  /jeod/models/dynamics/derived_state/src/relative_derived_state.cc
[34mDepTracing[0m /jeod/models/dynamics/dyn_body/include/body_force_collect.hh
[34mDepTracing[0m /jeod/models/dynamics/dyn_body/include/body_ref_frame.hh
[34mDepTracing[0m /jeod/models/dynamics/dyn_body/include/dyn_body.hh
[34mDepTracing[0m /jeod/models/dynamics/dyn_body/include/dyn_body_generic_rigid_attach.hh
[34mDepTracing[0m /jeod/models/dynamics/dyn_body/include/force.hh
[34mDepTracing[0m /jeod/models/dynamics/dyn_body/include/frame_derivs.hh
[34mDepTracing[0m /jeod/models/dynamics/dyn_body/include/torque.hh
[34mDepTracing[0m /jeod/models/dynamics/dyn_manager/include/base_dyn_manager.hh
[34mDepTracing[0m /jeod/models/dynamics/dyn_manager/include/dyn_manager.hh
[34mDepTracing[0m /jeod/models/dynamics/dyn_manager/include/dyn_manager_init.hh
[34mDepTracing[0m /jeod/models/dynamics/dyn_manager/include/dynamics_integration_group.hh
[34mDepTracing[0m /jeod/models/dynamics/mass/include/mass.hh
[34mDepTracing[0m /jeod/models/dynamics/mass/include/mass_body_links.hh
[34mDepTracing[0m /jeod/models/dynamics/mass/include/mass_messages.hh
[34mDepTracing[0m /jeod/models/dynamics/mass/include/mass_point.hh
[34mDepTracing[0m /jeod/models/dynamics/mass/include/mass_point_init.hh
[34mDepTracing[0m /jeod/models/dynamics/mass/include/mass_point_links.hh
[34mDepTracing[0m /jeod/models/dynamics/mass/include/mass_point_state.hh
[34mDepTracing[0m /jeod/models/dynamics/mass/include/mass_properties.hh
[34mDepTracing[0m /jeod/models/dynamics/mass/include/mass_properties_init.hh
[34mDepTracing[0m /jeod/models/environment/ephemerides/ephem_interface/include/ephem_interface.hh
[34mDepTracing[0m /jeod/models/environment/ephemerides/ephem_interface/include/ephem_ref_frame.hh
[34mDepTracing[0m /jeod/models/environment/ephemerides/ephem_interface/include/simple_ephemerides.hh
[34mDepTracing[0m /jeod/models/environment/ephemerides/ephem_item/include/ephem_item.hh
[34mDepTracing[0m /jeod/models/environment/ephemerides/ephem_item/include/ephem_point.hh
[34mDepTracing[0m /jeod/models/environment/ephemerides/ephem_manager/include/base_ephem_manager.hh
[34mDepTracing[0m /jeod/models/environment/ephemerides/ephem_manager/include/ephem_manager.hh
[34mDepTracing[0m /jeod/models/environment/gravity/include/gravity_integ_frame.hh
[34mDepTracing[0m /jeod/models/environment/gravity/include/gravity_interaction.hh
[34mDepTracing[0m /jeod/models/environment/gravity/include/gravity_source.hh
[34mDepTracing[0m /jeod/models/environment/planet/include/base_planet.hh
[34mDepTracing[0m /jeod/models/environment/planet/include/planet.hh
[34mDepTracing[0m /jeod/models/environment/time/include/time.hh
[34mDepTracing[0m /jeod/models/environment/time/include/time_converter.hh
[34mDepTracing[0m /jeod/models/environment/time/include/time_converter_dyn_tai.hh
[34mDepTracing[0m  /jeod/models/environment/time/src/time_converter_dyn_tai.cc
[34mDepTracing[0m /jeod/models/environment/time/include/time_dyn.hh
[34mDepTracing[0m /jeod/models/environment/time/include/time_enum.hh
[34mDepTracing[0m /jeod/models/environment/time/include/time_links.hh
[34mDepTracing[0m /jeod/models/environment/time/include/time_manager.hh
[34mDepTracing[0m /jeod/models/environment/time/include/time_manager_init.hh
[34mDepTracing[0m /jeod/models/environment/time/include/time_standard.hh
[34mDepTracing[0m /jeod/models/environment/time/include/time_tai.hh
[34mDepTracing[0m /jeod/models/interactions/contact/include/contact.hh
[34mDepTracing[0m  /jeod/models/interactions/contact/src/contact.cc
[34mDepTracing[0m   /jeod/models/interactions/contact/src/contact_pair.cc
[34mDepTracing[0m /jeod/models/interactions/contact/include/contact_facet.hh
[34mDepTracing[0m  /jeod/models/interactions/contact/src/contact_facet.cc
[34mDepTracing[0m   /jeod/models/interactions/contact/src/contact_messages.cc
[34mDepTracing[0m /jeod/models/interactions/contact/include/contact_pair.hh
[34mDepTracing[0m /jeod/models/interactions/contact/include/contact_params.hh
[34mDepTracing[0m  /jeod/models/interactions/contact/src/contact_params.cc
[34mDepTracing[0m /jeod/models/interactions/contact/include/contact_surface.hh
[34mDepTracing[0m  /jeod/models/interactions/contact/src/contact_surface.cc
[34mDepTracing[0m /jeod/models/interactions/contact/include/contact_surface_factory.hh
[34mDepTracing[0m  /jeod/models/interactions/contact/src/contact_surface_factory.cc
[34mDepTracing[0m /jeod/models/interactions/contact/include/line_contact_facet.hh
[34mDepTracing[0m  /jeod/models/interactions/contact/src/line_contact_facet.cc
[34mDepTracing[0m   /jeod/models/interactions/contact/src/line_contact_pair.cc
[34mDepTracing[0m   /jeod/models/interactions/contact/src/line_point_contact_pair.cc
[34mDepTracing[0m /jeod/models/interactions/contact/include/line_contact_facet_factory.hh
[34mDepTracing[0m  /jeod/models/interactions/contact/src/line_contact_facet_factory.cc
[34mDepTracing[0m /jeod/models/interactions/contact/include/line_contact_pair.hh
[34mDepTracing[0m /jeod/models/interactions/contact/include/line_point_contact_pair.hh
[34mDepTracing[0m /jeod/models/interactions/contact/include/pair_interaction.hh
[34mDepTracing[0m  /jeod/models/interactions/contact/src/pair_interaction.cc
[34mDepTracing[0m /jeod/models/interactions/contact/include/point_contact_facet.hh
[34mDepTracing[0m  /jeod/models/interactions/contact/src/point_contact_facet.cc
[34mDepTracing[0m   /jeod/models/interactions/contact/src/point_contact_pair.cc
[34mDepTracing[0m /jeod/models/interactions/contact/include/point_contact_facet_factory.hh
[34mDepTracing[0m  /jeod/models/interactions/contact/src/point_contact_facet_factory.cc
[34mDepTracing[0m /jeod/models/interactions/contact/include/point_contact_pair.hh
[34mDepTracing[0m /jeod/models/interactions/contact/include/spring_pair_interaction.hh
[34mDepTracing[0m  /jeod/models/interactions/contact/src/spring_pair_interaction.cc
[34mDepTracing[0m /jeod/models/interactions/contact/verif/SIM_contact/S_source.hh
[34mDepTracing[0m /jeod/models/utils/container/include/checkpointable.hh
[34mDepTracing[0m /jeod/models/utils/container/include/primitive_serializer.hh
[34mDepTracing[0m /jeod/models/utils/container/include/simple_checkpointable.hh
[34mDepTracing[0m /jeod/models/utils/integration/include/generalized_second_order_ode_technique.hh
[34mDepTracing[0m /jeod/models/utils/integration/include/integration_messages.hh
[34mDepTracing[0m /jeod/models/utils/integration/include/jeod_integration_group.hh
[34mDepTracing[0m /jeod/models/utils/integration/include/jeod_integration_time.hh
[34mDepTracing[0m /jeod/models/utils/integration/include/restartable_state_integrator.hh
[34mDepTracing[0m /jeod/models/utils/integration/include/restartable_state_integrator_templates.hh
[34mDepTracing[0m /jeod/models/utils/integration/include/time_change_subscriber.hh
[34mDepTracing[0m /jeod/models/utils/math/include/matrix3x3.hh
[34mDepTracing[0m  /jeod/models/utils/math/src/dm_invert.cc
[34mDepTracing[0m /jeod/models/utils/math/include/numerical.hh
[34mDepTracing[0m /jeod/models/utils/math/include/vector3.hh
[34mDepTracing[0m /jeod/models/utils/memory/include/memory_item.hh
[34mDepTracing[0m /jeod/models/utils/memory/include/memory_manager.hh
[34mDepTracing[0m  /jeod/models/utils/memory/src/memory_manager_protected.cc
[34mDepTracing[0m /jeod/models/utils/memory/include/memory_messages.hh
[34mDepTracing[0m /jeod/models/utils/memory/include/memory_table.hh
[34mDepTracing[0m /jeod/models/utils/memory/include/memory_type.hh
[34mDepTracing[0m /jeod/models/utils/message/include/message_handler.hh
[34mDepTracing[0m /jeod/models/utils/message/include/suppressed_code_message_handler.hh
[34mDepTracing[0m  /jeod/models/utils/message/src/suppressed_code_message_handler.cc
[34mDepTracing[0m /jeod/models/utils/named_item/include/named_item.hh
[34mDepTracing[0m /jeod/models/utils/orientation/include/orientation.hh
[34mDepTracing[0m /jeod/models/utils/quaternion/include/quat.hh
[34mDepTracing[0m  /jeod/models/utils/quaternion/src/quat_messages.cc
[34mDepTracing[0m /jeod/models/utils/ref_frames/include/base_ref_frame_manager.hh
[34mDepTracing[0m /jeod/models/utils/ref_frames/include/ref_frame.hh
[34mDepTracing[0m /jeod/models/utils/ref_frames/include/ref_frame_interface.hh
[34mDepTracing[0m /jeod/models/utils/ref_frames/include/ref_frame_items.hh
[34mDepTracing[0m /jeod/models/utils/ref_frames/include/ref_frame_links.hh
[34mDepTracing[0m /jeod/models/utils/ref_frames/include/ref_frame_manager.hh
[34mDepTracing[0m /jeod/models/utils/ref_frames/include/ref_frame_messages.hh
[34mDepTracing[0m /jeod/models/utils/ref_frames/include/ref_frame_state.hh
[34mDepTracing[0m /jeod/models/utils/ref_frames/include/subscription.hh
[34mDepTracing[0m /jeod/models/utils/sim_interface/include/checkpoint_input_manager.hh
[34mDepTracing[0m /jeod/models/utils/sim_interface/include/checkpoint_output_manager.hh
[34mDepTracing[0m /jeod/models/utils/sim_interface/include/jeod_integrator_interface.hh
[34mDepTracing[0m /jeod/models/utils/sim_interface/include/jeod_trick_integrator.hh
[34mDepTracing[0m /jeod/models/utils/sim_interface/include/memory_interface.hh
[34mDepTracing[0m /jeod/models/utils/sim_interface/include/simulation_interface.hh
[34mDepTracing[0m  /jeod/models/utils/sim_interface/src/simulation_interface.cc
[34mDepTracing[0m   /jeod/models/utils/sim_interface/src/sim_interface_messages.cc
[34mDepTracing[0m /jeod/models/utils/sim_interface/include/trick10_memory_interface.hh
[34mDepTracing[0m  /jeod/models/utils/sim_interface/src/trick10_memory_interface.cc
[34mDepTracing[0m   /jeod/models/utils/sim_interface/src/trick_memory_interface.cc
[34mDepTracing[0m    /jeod/models/utils/sim_interface/src/trick_memory_interface_alloc.cc
[34mDepTracing[0m    /jeod/models/utils/sim_interface/src/trick_memory_interface_attrib.cc
[34mDepTracing[0m    /jeod/models/utils/container/src/primitive_serializer.cc
[34mDepTracing[0m   /jeod/models/utils/sim_interface/src/trick_memory_interface_chkpnt.cc
[34mDepTracing[0m   /jeod/models/utils/sim_interface/src/trick_memory_interface_xlate.cc
[34mDepTracing[0m /jeod/models/utils/sim_interface/include/trick_memory_interface.hh
[34mDepTracing[0m /jeod/models/utils/sim_interface/include/trick_message_handler.hh
[34mDepTracing[0m  /jeod/models/utils/sim_interface/src/trick_message_handler.cc
[34mDepTracing[0m /jeod/models/utils/sim_interface/include/trick_sim_interface.hh
[34mDepTracing[0m  /jeod/models/utils/sim_interface/src/trick_sim_interface.cc
[34mDepTracing[0m   /jeod/models/utils/sim_interface/src/checkpoint_input_manager.cc
[34mDepTracing[0m   /jeod/models/utils/sim_interface/src/checkpoint_output_manager.cc
[34mDepTracing[0m /jeod/models/utils/surface_model/include/cylinder.hh
[34mDepTracing[0m /jeod/models/utils/surface_model/include/facet.hh
[34mDepTracing[0m  /jeod/models/utils/surface_model/src/facet.cc
[34mDepTracing[0m   /jeod/models/utils/surface_model/src/surface_model_messages.cc
[34mDepTracing[0m /jeod/models/utils/surface_model/include/facet_params.hh
[34mDepTracing[0m /jeod/models/utils/surface_model/include/flat_plate.hh
[34mDepTracing[0m  /jeod/models/utils/surface_model/src/flat_plate.cc
[34mDepTracing[0m /jeod/models/utils/surface_model/include/flat_plate_circular.hh
[34mDepTracing[0m /jeod/models/utils/surface_model/include/interaction_facet.hh
[34mDepTracing[0m /jeod/models/utils/surface_model/include/interaction_facet_factory.hh
[34mDepTracing[0m /jeod/models/utils/surface_model/include/interaction_surface.hh
[34mDepTracing[0m /jeod/models/utils/surface_model/include/interaction_surface_factory.hh
[34mDepTracing[0m  /jeod/models/utils/surface_model/src/interaction_surface_factory.cc
[34mDepTracing[0m   /jeod/models/utils/surface_model/src/surface_model.cc
[34mDepTracing[0m /jeod/models/utils/surface_model/include/surface_model.hh
[34mDepTracing[0m /jeod/models/dynamics/body_action/include/class_declarations.hh
[34mDepTracing[0m /jeod/models/dynamics/derived_state/include/class_declarations.hh
[34mDepTracing[0m /jeod/models/dynamics/dyn_body/include/class_declarations.hh
[34mDepTracing[0m /jeod/models/dynamics/dyn_body/include/force_inline.hh
[34mDepTracing[0m /jeod/models/dynamics/dyn_body/include/torque_inline.hh
[34mDepTracing[0m /jeod/models/dynamics/dyn_manager/include/class_declarations.hh
[34mDepTracing[0m /jeod/models/dynamics/mass/include/class_declarations.hh
[34mDepTracing[0m /jeod/models/environment/ephemerides/ephem_interface/include/class_declarations.hh
[34mDepTracing[0m /jeod/models/environment/ephemerides/ephem_item/include/class_declarations.hh
[34mDepTracing[0m /jeod/models/environment/ephemerides/ephem_item/include/ephem_item_inline.hh
[34mDepTracing[0m /jeod/models/environment/gravity/include/class_declarations.hh
[34mDepTracing[0m /jeod/models/environment/planet/include/class_declarations.hh
[34mDepTracing[0m /jeod/models/environment/time/include/class_declarations.hh
[34mDepTracing[0m /jeod/models/interactions/contact/include/class_declarations.hh
[34mDepTracing[0m /jeod/models/utils/container/include/container.hh
[34mDepTracing[0m /jeod/models/utils/container/include/jeod_associative_container.hh
[34mDepTracing[0m /jeod/models/utils/container/include/jeod_container_compare.hh
[34mDepTracing[0m /jeod/models/utils/container/include/jeod_list.hh
[34mDepTracing[0m /jeod/models/utils/container/include/jeod_sequence_container.hh
[34mDepTracing[0m /jeod/models/utils/container/include/jeod_set.hh
[34mDepTracing[0m /jeod/models/utils/container/include/jeod_stl_container.hh
[34mDepTracing[0m /jeod/models/utils/container/include/jeod_vector.hh
[34mDepTracing[0m /jeod/models/utils/container/include/object_container.hh
[34mDepTracing[0m /jeod/models/utils/container/include/object_list.hh
[34mDepTracing[0m /jeod/models/utils/container/include/object_vector.hh
[34mDepTracing[0m /jeod/models/utils/container/include/pointer_container.hh
[34mDepTracing[0m /jeod/models/utils/container/include/pointer_list.hh
[34mDepTracing[0m /jeod/models/utils/container/include/pointer_vector.hh
[34mDepTracing[0m /jeod/models/utils/container/include/primitive_container.hh
[34mDepTracing[0m /jeod/models/utils/container/include/primitive_set.hh
[34mDepTracing[0m /jeod/models/utils/math/include/macro_def.hh
[34mDepTracing[0m /jeod/models/utils/math/include/macro_undef.hh
[34mDepTracing[0m /jeod/models/utils/math/include/matrix3x3_inline.hh
[34mDepTracing[0m /jeod/models/utils/math/include/numerical_inline.hh
[34mDepTracing[0m /jeod/models/utils/math/include/vector3_inline.hh
[34mDepTracing[0m /jeod/models/utils/memory/include/jeod_alloc.hh
[34mDepTracing[0m /jeod/models/utils/memory/include/jeod_alloc_construct_destruct.hh
[34mDepTracing[0m /jeod/models/utils/memory/include/jeod_alloc_get_allocated_pointer.hh
[34mDepTracing[0m /jeod/models/utils/memory/include/memory_attributes_templates.hh
[34mDepTracing[0m /jeod/models/utils/message/include/class_declarations.hh
[34mDepTracing[0m /jeod/models/utils/quaternion/include/quat_inline.hh
[34mDepTracing[0m /jeod/models/utils/ref_frames/include/class_declarations.hh
[34mDepTracing[0m /jeod/models/utils/ref_frames/include/ref_frame_inline.hh
[34mDepTracing[0m /jeod/models/utils/ref_frames/include/ref_frame_items_inline.hh
[34mDepTracing[0m /jeod/models/utils/ref_frames/include/ref_frame_state_inline.hh
[34mDepTracing[0m /jeod/models/utils/ref_frames/include/tree_links.hh
[34mDepTracing[0m /jeod/models/utils/sim_interface/include/class_declarations.hh
[34mDepTracing[0m /jeod/models/utils/sim_interface/include/config.hh
[34mDepTracing[0m /jeod/models/utils/sim_interface/include/config_trick10.hh
[34mDepTracing[0m /jeod/models/utils/sim_interface/include/jeod_class.hh
[34mDepTracing[0m /jeod/models/utils/sim_interface/include/jeod_va_macro_utility.hh
[34mDepTracing[0m /jeod/models/utils/sim_interface/include/memory_attributes.hh
[34mDepTracing[0m /jeod/models/utils/surface_model/include/class_declarations.hh
[34mCompiling[0m  build/S_source.cpp
[34mCompiling[0m  /jeod/models/interactions/contact/src/contact.cc
[34mCompiling[0m  /jeod/models/interactions/contact/src/contact_facet.cc
[34mCompiling[0m  /jeod/models/interactions/contact/src/contact_messages.cc
[34mCompiling[0m  /jeod/models/interactions/contact/src/contact_pair.cc
[34mCompiling[0m  /jeod/models/interactions/contact/src/contact_params.cc
[34mCompiling[0m  /jeod/models/interactions/contact/src/contact_surface.cc
[34mCompiling[0m  /jeod/models/interactions/contact/src/contact_surface_factory.cc
[34mCompiling[0m  /jeod/models/interactions/contact/src/line_contact_facet.cc
[34mCompiling[0m  /jeod/models/interactions/contact/src/line_contact_facet_factory.cc
[34mCompiling[0m  /jeod/models/interactions/contact/src/line_contact_pair.cc
[34mCompiling[0m  /jeod/models/interactions/contact/src/line_point_contact_pair.cc
[34mCompiling[0m  /jeod/models/interactions/contact/src/pair_interaction.cc
[34mCompiling[0m  /jeod/models/interactions/contact/src/point_contact_facet.cc
[34mCompiling[0m  /jeod/models/interactions/contact/src/point_contact_facet_factory.cc
[34mCompiling[0m  /jeod/models/interactions/contact/src/point_contact_pair.cc
[34mCompiling[0m  /jeod/models/interactions/contact/src/spring_pair_interaction.cc
[34mCompiling[0m  /jeod/models/dynamics/body_action/src/body_action.cc
[34mCompiling[0m  /jeod/models/dynamics/body_action/src/body_action_messages.cc
[34mCompiling[0m  /jeod/models/dynamics/body_action/src/body_attach.cc
[34mCompiling[0m  /jeod/models/dynamics/body_action/src/dyn_body_init.cc
[34mCompiling[0m  /jeod/models/dynamics/body_action/src/dyn_body_init_rot_state.cc
[34mCompiling[0m  /jeod/models/dynamics/body_action/src/dyn_body_init_trans_state.cc
[34mCompiling[0m  /jeod/models/dynamics/body_action/src/mass_body_init.cc
[34mCompiling[0m  /jeod/models/utils/message/src/message_handler.cc
[34mCompiling[0m  /jeod/models/utils/message/src/message_messages.cc
[34mCompiling[0m  /jeod/models/utils/message/src/suppressed_code_message_handler.cc
[34mCompiling[0m  /jeod/models/environment/time/src/time.cc
[34mCompiling[0m  /jeod/models/environment/time/src/time__add_type_update.cc
[34mCompiling[0m  /jeod/models/environment/time/src/time_converter.cc
[34mCompiling[0m  /jeod/models/environment/time/src/time_converter_dyn_tai.cc
[34mCompiling[0m  /jeod/models/environment/time/src/time_converter_tai_ut1.cc
[34mCompiling[0m  /jeod/models/environment/time/src/time_converter_tai_utc.cc
[34mCompiling[0m  /jeod/models/environment/time/src/time_dyn.cc
[34mCompiling[0m  /jeod/models/environment/time/src/time_manager.cc
[34mCompiling[0m  /jeod/models/environment/time/src/time_manager__initialize.cc
[34mCompiling[0m  /jeod/models/environment/time/src/time_manager_init.cc
[34mCompiling[0m  /jeod/models/environment/time/src/time_messages.cc
[34mCompiling[0m  /jeod/models/environment/time/src/time_standard.cc
[34mCompiling[0m  /jeod/models/environment/time/src/time_tai.cc
[34mCompiling[0m  /jeod/models/environment/time/src/time_ude.cc
[34mCompiling[0m  /jeod/models/environment/time/src/time_ut1.cc
[34mCompiling[0m  /jeod/models/environment/time/src/time_utc.cc
[34mCompiling[0m  /jeod/models/utils/container/src/primitive_serializer.cc
[34mCompiling[0m  /jeod/models/dynamics/dyn_manager/src/dyn_bodies_primitives.cc
[34mCompiling[0m  /jeod/models/dynamics/dyn_manager/src/dyn_manager.cc
[34mCompiling[0m  /jeod/models/dynamics/dyn_manager/src/dyn_manager_messages.cc
[34mCompiling[0m  /jeod/models/dynamics/dyn_manager/src/dynamics_integration_group.cc
[34mCompiling[0m  /jeod/models/dynamics/dyn_manager/src/gravitation.cc
[34mCompiling[0m  /jeod/models/dynamics/dyn_manager/src/initialize_dyn_bodies.cc
[34mCompiling[0m  /jeod/models/dynamics/dyn_manager/src/initialize_model.cc
[34mCompiling[0m  /jeod/models/dynamics/dyn_manager/src/initialize_simulation.cc
[34mCompiling[0m  /jeod/models/dynamics/dyn_manager/src/integ_group_primitives.cc
[34mCompiling[0m  /jeod/models/dynamics/dyn_manager/src/mass_bodies_primitives.cc
[34mCompiling[0m  /jeod/models/dynamics/dyn_manager/src/perform_actions.cc
[34mCompiling[0m  /jeod/models/dynamics/mass/src/mass.cc
[34mCompiling[0m  /jeod/models/dynamics/mass/src/mass_attach.cc
[34mCompiling[0m  /jeod/models/dynamics/mass/src/mass_calc_composite_cm.cc
[34mCompiling[0m  /jeod/models/dynamics/mass/src/mass_calc_composite_inertia.cc
[34mCompiling[0m  /jeod/models/dynamics/mass/src/mass_detach.cc
[34mCompiling[0m  /jeod/models/dynamics/mass/src/mass_messages.cc
[34mCompiling[0m  /jeod/models/dynamics/mass/src/mass_point.cc
[34mCompiling[0m  /jeod/models/dynamics/mass/src/mass_point_init.cc
[34mCompiling[0m  /jeod/models/dynamics/mass/src/mass_point_mass_inertia.cc
[34mCompiling[0m  /jeod/models/dynamics/mass/src/mass_point_state.cc
[34mCompiling[0m  /jeod/models/dynamics/mass/src/mass_print_body.cc
[34mCompiling[0m  /jeod/models/dynamics/mass/src/mass_print_tree.cc
[34mCompiling[0m  /jeod/models/dynamics/mass/src/mass_properties_init.cc
[34mCompiling[0m  /jeod/models/dynamics/mass/src/mass_reattach.cc
[34mCompiling[0m  /jeod/models/dynamics/mass/src/mass_update.cc
[34mCompiling[0m  /jeod/models/utils/named_item/src/named_item.cc
[34mCompiling[0m  /jeod/models/utils/named_item/src/named_item_demangle.cc
[34mCompiling[0m  /jeod/models/utils/named_item/src/named_item_messages.cc
[34mCompiling[0m  /jeod/models/utils/sim_interface/src/checkpoint_input_manager.cc
[34mCompiling[0m  /jeod/models/utils/sim_interface/src/checkpoint_output_manager.cc
[34mCompiling[0m  /jeod/models/utils/sim_interface/src/sim_interface_messages.cc
[34mCompiling[0m  /jeod/models/utils/sim_interface/src/simulation_interface.cc
[34mCompiling[0m  /jeod/models/utils/sim_interface/src/trick10_memory_interface.cc
[34mCompiling[0m  /jeod/models/utils/sim_interface/src/trick_memory_interface.cc
[34mCompiling[0m  /jeod/models/utils/sim_interface/src/trick_memory_interface_alloc.cc
[34mCompiling[0m  /jeod/models/utils/sim_interface/src/trick_memory_interface_attrib.cc
[34mCompiling[0m  /jeod/models/utils/sim_interface/src/trick_memory_interface_chkpnt.cc
[34mCompiling[0m  /jeod/models/utils/sim_interface/src/trick_memory_interface_xlate.cc
[34mCompiling[0m  /jeod/models/utils/sim_interface/src/trick_message_handler.cc
[34mCompiling[0m  /jeod/models/utils/sim_interface/src/trick_sim_interface.cc
[34mCompiling[0m  /jeod/models/utils/integration/src/generalized_second_order_ode_technique.cc
[34mCompiling[0m  /jeod/models/utils/integration/src/integration_messages.cc
[34mCompiling[0m  /jeod/models/utils/integration/src/jeod_integration_group.cc
[34mCompiling[0m  /jeod/models/utils/integration/src/jeod_integration_time.cc
[34mCompiling[0m  /jeod/models/utils/memory/src/memory_item.cc
[34mCompiling[0m  /jeod/models/utils/memory/src/memory_manager.cc
[34mCompiling[0m  /jeod/models/utils/memory/src/memory_manager_protected.cc
[34mCompiling[0m  /jeod/models/utils/memory/src/memory_manager_static.cc
[34mCompiling[0m  /jeod/models/utils/memory/src/memory_messages.cc
[34mCompiling[0m  /jeod/models/utils/memory/src/memory_type.cc
[34mCompiling[0m  /jeod/models/environment/ephemerides/ephem_item/src/ephem_item.cc
[34mCompiling[0m  /jeod/models/environment/ephemerides/ephem_item/src/ephem_orient.cc
[34mCompiling[0m  /jeod/models/environment/ephemerides/ephem_item/src/ephem_point.cc
[34mCompiling[0m  /jeod/models/utils/math/src/dm_invert.cc
[34mCompiling[0m  /jeod/models/utils/math/src/dm_invert_symm.cc
[34mCompiling[0m  /jeod/models/utils/math/src/math_messages.cc
[34mCompiling[0m  /jeod/models/environment/ephemerides/ephem_interface/src/ephem_messages.cc
[34mCompiling[0m  /jeod/models/environment/ephemerides/ephem_interface/src/ephem_ref_frame.cc
[34mCompiling[0m  /jeod/models/environment/ephemerides/ephem_interface/src/simple_ephemerides.cc
[34mCompiling[0m  /jeod/models/utils/orientation/src/eigen_rotation.cc
[34mCompiling[0m  /jeod/models/utils/orientation/src/euler_angles.cc
[34mCompiling[0m  /jeod/models/utils/orientation/src/orientation.cc
[34mCompiling[0m  /jeod/models/utils/orientation/src/orientation_messages.cc
[34mCompiling[0m  /jeod/models/utils/surface_model/src/facet.cc
[34mCompiling[0m  /jeod/models/utils/surface_model/src/flat_plate.cc
[34mCompiling[0m  /jeod/models/utils/surface_model/src/interaction_surface_factory.cc
[34mCompiling[0m  /jeod/models/utils/surface_model/src/surface_model.cc
[34mCompiling[0m  /jeod/models/utils/surface_model/src/surface_model_messages.cc
[34mCompiling[0m  /jeod/models/environment/ephemerides/ephem_manager/src/ephem_manager.cc
[34mCompiling[0m  /jeod/models/environment/ephemerides/ephem_manager/src/find_planet.cc
[34mCompiling[0m  /jeod/models/dynamics/derived_state/src/derived_state.cc
[34mCompiling[0m  /jeod/models/dynamics/derived_state/src/derived_state_messages.cc
[34mCompiling[0m  /jeod/models/dynamics/derived_state/src/relative_derived_state.cc
[34mCompiling[0m  /jeod/models/utils/quaternion/src/quat.cc
[34mCompiling[0m  /jeod/models/utils/quaternion/src/quat_from_mat.cc
[34mCompiling[0m  /jeod/models/utils/quaternion/src/quat_messages.cc
[34mCompiling[0m  /jeod/models/utils/quaternion/src/quat_norm.cc
[34mCompiling[0m  /jeod/models/utils/quaternion/src/quat_to_eigenrot.cc
[34mCompiling[0m  /jeod/models/utils/quaternion/src/quat_to_mat.cc
[34mCompiling[0m  /jeod/models/environment/gravity/src/gravity_controls.cc
[34mCompiling[0m  /jeod/models/environment/gravity/src/gravity_interaction.cc
[34mCompiling[0m  /jeod/models/environment/gravity/src/gravity_manager.cc
[34mCompiling[0m  /jeod/models/environment/gravity/src/gravity_messages.cc
[34mCompiling[0m  /jeod/models/environment/gravity/src/gravity_source.cc
[34mCompiling[0m  /jeod/models/utils/ref_frames/src/ref_frame.cc
[34mCompiling[0m  /jeod/models/utils/ref_frames/src/ref_frame_compute_relative_state.cc
[34mCompiling[0m  /jeod/models/utils/ref_frames/src/ref_frame_items.cc
[34mCompiling[0m  /jeod/models/utils/ref_frames/src/ref_frame_manager.cc
[34mCompiling[0m  /jeod/models/utils/ref_frames/src/ref_frame_messages.cc
[34mCompiling[0m  /jeod/models/utils/ref_frames/src/ref_frame_state.cc
[34mCompiling[0m  /jeod/models/utils/ref_frames/src/subscription.cc
[34mCompiling[0m  /jeod/models/dynamics/dyn_body/src/body_force_collect.cc
[34mCompiling[0m  /jeod/models/dynamics/dyn_body/src/dyn_body.cc
[34mCompiling[0m  /jeod/models/dynamics/dyn_body/src/dyn_body_attach.cc
[34mCompiling[0m  /jeod/models/dynamics/dyn_body/src/dyn_body_collect.cc
[34mCompiling[0m  /jeod/models/dynamics/dyn_body/src/dyn_body_detach.cc
[34mCompiling[0m  /jeod/models/dynamics/dyn_body/src/dyn_body_find_body_frame.cc
[34mCompiling[0m  /jeod/models/dynamics/dyn_body/src/dyn_body_initialize_model.cc
[34mCompiling[0m  /jeod/models/dynamics/dyn_body/src/dyn_body_integration.cc
[34mCompiling[0m  /jeod/models/dynamics/dyn_body/src/dyn_body_messages.cc
[34mCompiling[0m  /jeod/models/dynamics/dyn_body/src/dyn_body_propagate_state.cc
[34mCompiling[0m  /jeod/models/dynamics/dyn_body/src/dyn_body_set_state.cc
[34mCompiling[0m  /jeod/models/dynamics/dyn_body/src/dyn_body_vehicle_point.cc
[34mCompiling[0m  /jeod/models/dynamics/dyn_body/src/force.cc
[34mCompiling[0m  /jeod/models/dynamics/dyn_body/src/torque.cc
[34mCompiling[0m  /jeod/models/environment/planet/src/base_planet.cc
[34mCompiling[0m  /jeod/models/environment/planet/src/planet.cc
[34mCompiling[0m  /jeod/models/environment/planet/src/planet_messages.cc
[34mCompiling[0m  build/jeod/models/dynamics/body_action/include/io_body_action.cpp
[34mCompiling[0m  build/jeod/models/dynamics/body_action/include/io_dyn_body_init.cpp
[34mCompiling[0m  build/jeod/models/dynamics/body_action/include/io_dyn_body_init_rot_state.cpp
[34mCompiling[0m  build/jeod/models/dynamics/body_action/include/io_dyn_body_init_trans_state.cpp
[34mCompiling[0m  build/jeod/models/dynamics/body_action/include/io_mass_body_init.cpp
[34mCompiling[0m  build/jeod/models/dynamics/derived_state/include/io_derived_state.cpp
[34mCompiling[0m  build/jeod/models/dynamics/derived_state/include/io_relative_derived_state.cpp
[34mCompiling[0m  build/jeod/models/dynamics/dyn_body/include/io_body_force_collect.cpp
[34mCompiling[0m  build/jeod/models/dynamics/dyn_body/include/io_body_ref_frame.cpp
[34mCompiling[0m  build/jeod/models/dynamics/dyn_body/include/io_dyn_body.cpp
[34mCompiling[0m  build/jeod/models/dynamics/dyn_body/include/io_dyn_body_generic_rigid_attach.cpp
[34mCompiling[0m  build/jeod/models/dynamics/dyn_body/include/io_force.cpp
[34mCompiling[0m  build/jeod/models/dynamics/dyn_body/include/io_frame_derivs.cpp
[34mCompiling[0m  build/jeod/models/dynamics/dyn_body/include/io_torque.cpp
[34mCompiling[0m  build/jeod/models/dynamics/dyn_manager/include/io_base_dyn_manager.cpp
[34mCompiling[0m  build/jeod/models/dynamics/dyn_manager/include/io_dyn_manager.cpp
[34mCompiling[0m  build/jeod/models/dynamics/dyn_manager/include/io_dyn_manager_init.cpp
[34mCompiling[0m  build/jeod/models/dynamics/dyn_manager/include/io_dynamics_integration_group.cpp
[34mCompiling[0m  build/jeod/models/dynamics/mass/include/io_mass.cpp
[34mCompiling[0m  build/jeod/models/dynamics/mass/include/io_mass_body_links.cpp
[34mCompiling[0m  build/jeod/models/dynamics/mass/include/io_mass_messages.cpp
[34mCompiling[0m  build/jeod/models/dynamics/mass/include/io_mass_point.cpp
[34mCompiling[0m  build/jeod/models/dynamics/mass/include/io_mass_point_init.cpp
[34mCompiling[0m  build/jeod/models/dynamics/mass/include/io_mass_point_links.cpp
[34mCompiling[0m  build/jeod/models/dynamics/mass/include/io_mass_point_state.cpp
[34mCompiling[0m  build/jeod/models/dynamics/mass/include/io_mass_properties.cpp
[34mCompiling[0m  build/jeod/models/dynamics/mass/include/io_mass_properties_init.cpp
[34mCompiling[0m  build/jeod/models/environment/ephemerides/ephem_interface/include/io_ephem_interface.cpp
[34mCompiling[0m  build/jeod/models/environment/ephemerides/ephem_interface/include/io_ephem_ref_frame.cpp
[34mCompiling[0m  build/jeod/models/environment/ephemerides/ephem_interface/include/io_simple_ephemerides.cpp
[34mCompiling[0m  build/jeod/models/environment/ephemerides/ephem_item/include/io_ephem_item.cpp
[34mCompiling[0m  build/jeod/models/environment/ephemerides/ephem_item/include/io_ephem_point.cpp
[34mCompiling[0m  build/jeod/models/environment/ephemerides/ephem_manager/include/io_base_ephem_manager.cpp
[34mCompiling[0m  build/jeod/models/environment/ephemerides/ephem_manager/include/io_ephem_manager.cpp
[34mCompiling[0m  build/jeod/models/environment/gravity/include/io_gravity_integ_frame.cpp
[34mCompiling[0m  build/jeod/models/environment/gravity/include/io_gravity_interaction.cpp
[34mCompiling[0m  build/jeod/models/environment/gravity/include/io_gravity_source.cpp
[34mCompiling[0m  build/jeod/models/environment/planet/include/io_base_planet.cpp
[34mCompiling[0m  build/jeod/models/environment/planet/include/io_planet.cpp
[34mCompiling[0m  build/jeod/models/environment/time/include/io_time.cpp
[34mCompiling[0m  build/jeod/models/environment/time/include/io_time_converter.cpp
[34mCompiling[0m  build/jeod/models/environment/time/include/io_time_converter_dyn_tai.cpp
[34mCompiling[0m  build/jeod/models/environment/time/include/io_time_dyn.cpp
[34mCompiling[0m  build/jeod/models/environment/time/include/io_time_enum.cpp
[34mCompiling[0m  build/jeod/models/environment/time/include/io_time_links.cpp
[34mCompiling[0m  build/jeod/models/environment/time/include/io_time_manager.cpp
[34mCompiling[0m  build/jeod/models/environment/time/include/io_time_manager_init.cpp
[34mCompiling[0m  build/jeod/models/environment/time/include/io_time_standard.cpp
[34mCompiling[0m  build/jeod/models/environment/time/include/io_time_tai.cpp
[34mCompiling[0m  build/jeod/models/interactions/contact/include/io_contact.cpp
[34mCompiling[0m  build/jeod/models/interactions/contact/include/io_contact_facet.cpp
[34mCompiling[0m  build/jeod/models/interactions/contact/include/io_contact_pair.cpp
[34mCompiling[0m  build/jeod/models/interactions/contact/include/io_contact_params.cpp
[34mCompiling[0m  build/jeod/models/interactions/contact/include/io_contact_surface.cpp
[34mCompiling[0m  build/jeod/models/interactions/contact/include/io_contact_surface_factory.cpp
[34mCompiling[0m  build/jeod/models/interactions/contact/include/io_line_contact_facet.cpp
[34mCompiling[0m  build/jeod/models/interactions/contact/include/io_line_contact_facet_factory.cpp
[34mCompiling[0m  build/jeod/models/interactions/contact/include/io_line_contact_pair.cpp
[34mCompiling[0m  build/jeod/models/interactions/contact/include/io_line_point_contact_pair.cpp
[34mCompiling[0m  build/jeod/models/interactions/contact/include/io_pair_interaction.cpp
[34mCompiling[0m  build/jeod/models/interactions/contact/include/io_point_contact_facet.cpp
[34mCompiling[0m  build/jeod/models/interactions/contact/include/io_point_contact_facet_factory.cpp
[34mCompiling[0m  build/jeod/models/interactions/contact/include/io_point_contact_pair.cpp
[34mCompiling[0m  build/jeod/models/interactions/contact/include/io_spring_pair_interaction.cpp
[34mCompiling[0m  build/jeod/models/interactions/contact/verif/SIM_contact/io_S_source.cpp
[34mCompiling[0m  build/jeod/models/utils/container/include/io_checkpointable.cpp
[34mCompiling[0m  build/jeod/models/utils/container/include/io_primitive_serializer.cpp
[34mCompiling[0m  build/jeod/models/utils/container/include/io_simple_checkpointable.cpp
[34mCompiling[0m  build/jeod/models/utils/integration/include/io_generalized_second_order_ode_technique.cpp
[34mCompiling[0m  build/jeod/models/utils/integration/include/io_integration_messages.cpp
[34mCompiling[0m  build/jeod/models/utils/integration/include/io_jeod_integration_group.cpp
[34mCompiling[0m  build/jeod/models/utils/integration/include/io_jeod_integration_time.cpp
[34mCompiling[0m  build/jeod/models/utils/integration/include/io_restartable_state_integrator.cpp
[34mCompiling[0m  build/jeod/models/utils/integration/include/io_restartable_state_integrator_templates.cpp
[34mCompiling[0m  build/jeod/models/utils/integration/include/io_time_change_subscriber.cpp
[34mCompiling[0m  build/jeod/models/utils/math/include/io_matrix3x3.cpp
[34mCompiling[0m  build/jeod/models/utils/math/include/io_numerical.cpp
[34mCompiling[0m  build/jeod/models/utils/math/include/io_vector3.cpp
[34mCompiling[0m  build/jeod/models/utils/memory/include/io_memory_item.cpp
[34mCompiling[0m  build/jeod/models/utils/memory/include/io_memory_manager.cpp
[34mCompiling[0m  build/jeod/models/utils/memory/include/io_memory_messages.cpp
[34mCompiling[0m  build/jeod/models/utils/memory/include/io_memory_table.cpp
[34mCompiling[0m  build/jeod/models/utils/memory/include/io_memory_type.cpp
[34mCompiling[0m  build/jeod/models/utils/message/include/io_message_handler.cpp
[34mCompiling[0m  build/jeod/models/utils/message/include/io_suppressed_code_message_handler.cpp
[34mCompiling[0m  build/jeod/models/utils/named_item/include/io_named_item.cpp
[34mCompiling[0m  build/jeod/models/utils/orientation/include/io_orientation.cpp
[34mCompiling[0m  build/jeod/models/utils/quaternion/include/io_quat.cpp
[34mCompiling[0m  build/jeod/models/utils/ref_frames/include/io_base_ref_frame_manager.cpp
[34mCompiling[0m  build/jeod/models/utils/ref_frames/include/io_ref_frame.cpp
[34mCompiling[0m  build/jeod/models/utils/ref_frames/include/io_ref_frame_interface.cpp
[34mCompiling[0m  build/jeod/models/utils/ref_frames/include/io_ref_frame_items.cpp
[34mCompiling[0m  build/jeod/models/utils/ref_frames/include/io_ref_frame_links.cpp
[34mCompiling[0m  build/jeod/models/utils/ref_frames/include/io_ref_frame_manager.cpp
[34mCompiling[0m  build/jeod/models/utils/ref_frames/include/io_ref_frame_messages.cpp
[34mCompiling[0m  build/jeod/models/utils/ref_frames/include/io_ref_frame_state.cpp
[34mCompiling[0m  build/jeod/models/utils/ref_frames/include/io_subscription.cpp
[34mCompiling[0m  build/jeod/models/utils/sim_interface/include/io_checkpoint_input_manager.cpp
[34mCompiling[0m  build/jeod/models/utils/sim_interface/include/io_checkpoint_output_manager.cpp
[34mCompiling[0m  build/jeod/models/utils/sim_interface/include/io_jeod_integrator_interface.cpp
[34mCompiling[0m  build/jeod/models/utils/sim_interface/include/io_jeod_trick_integrator.cpp
[34mCompiling[0m  build/jeod/models/utils/sim_interface/include/io_memory_interface.cpp
[34mCompiling[0m  build/jeod/models/utils/sim_interface/include/io_simulation_interface.cpp
[34mCompiling[0m  build/jeod/models/utils/sim_interface/include/io_trick10_memory_interface.cpp
[34mCompiling[0m  build/jeod/models/utils/sim_interface/include/io_trick_memory_interface.cpp
[34mCompiling[0m  build/jeod/models/utils/sim_interface/include/io_trick_message_handler.cpp
[34mCompiling[0m  build/jeod/models/utils/sim_interface/include/io_trick_sim_interface.cpp
[34mCompiling[0m  build/jeod/models/utils/surface_model/include/io_cylinder.cpp
[34mCompiling[0m  build/jeod/models/utils/surface_model/include/io_facet.cpp
[34mCompiling[0m  build/jeod/models/utils/surface_model/include/io_facet_params.cpp
[34mCompiling[0m  build/jeod/models/utils/surface_model/include/io_flat_plate.cpp
[34mCompiling[0m  build/jeod/models/utils/surface_model/include/io_flat_plate_circular.cpp
[34mCompiling[0m  build/jeod/models/utils/surface_model/include/io_interaction_facet.cpp
[34mCompiling[0m  build/jeod/models/utils/surface_model/include/io_interaction_facet_factory.cpp
[34mCompiling[0m  build/jeod/models/utils/surface_model/include/io_interaction_surface.cpp
[34mCompiling[0m  build/jeod/models/utils/surface_model/include/io_interaction_surface_factory.cpp
[34mCompiling[0m  build/jeod/models/utils/surface_model/include/io_surface_model.cpp
[34mCompiling[0m  build/class_map.cpp
[34mWriting[0m    build/jeod/models/dynamics/body_action/include/body_action_py.i
[34mWriting[0m    build/jeod/models/dynamics/body_action/include/class_declarations_py.i
[34mWriting[0m    build/jeod/models/dynamics/body_action/include/dyn_body_init_py.i
[34mWriting[0m    build/jeod/models/dynamics/body_action/include/dyn_body_init_rot_state_py.i
[34mWriting[0m    build/jeod/models/dynamics/body_action/include/dyn_body_init_trans_state_py.i
[34mWriting[0m    build/jeod/models/dynamics/body_action/include/mass_body_init_py.i
[34mWriting[0m    build/jeod/models/dynamics/derived_state/include/class_declarations_py.i
[34mWriting[0m    build/jeod/models/dynamics/derived_state/include/derived_state_py.i
[34mWriting[0m    build/jeod/models/dynamics/derived_state/include/relative_derived_state_py.i
[34mWriting[0m    build/jeod/models/dynamics/dyn_body/include/body_force_collect_py.i
[34mWriting[0m    build/jeod/models/dynamics/dyn_body/include/body_ref_frame_py.i
[34mWriting[0m    build/jeod/models/dynamics/dyn_body/include/class_declarations_py.i
[34mWriting[0m    build/jeod/models/dynamics/dyn_body/include/dyn_body_py.i
[34mWriting[0m    build/jeod/models/dynamics/dyn_body/include/dyn_body_generic_rigid_attach_py.i
[34mWriting[0m    build/jeod/models/dynamics/dyn_body/include/force_py.i
[34mWriting[0m    build/jeod/models/dynamics/dyn_body/include/force_inline_py.i
[34mWriting[0m    build/jeod/models/dynamics/dyn_body/include/frame_derivs_py.i
[34mWriting[0m    build/jeod/models/dynamics/dyn_body/include/torque_py.i
[34mWriting[0m    build/jeod/models/dynamics/dyn_body/include/torque_inline_py.i
[34mWriting[0m    build/jeod/models/dynamics/dyn_manager/include/base_dyn_manager_py.i
[34mWriting[0m    build/jeod/models/dynamics/dyn_manager/include/class_declarations_py.i
[34mWriting[0m    build/jeod/models/dynamics/dyn_manager/include/dyn_manager_py.i
[34mWriting[0m    build/jeod/models/dynamics/dyn_manager/include/dyn_manager_init_py.i
[34mWriting[0m    build/jeod/models/dynamics/dyn_manager/include/dynamics_integration_group_py.i
[34mWriting[0m    build/jeod/models/dynamics/mass/include/class_declarations_py.i
[34mWriting[0m    build/jeod/models/dynamics/mass/include/mass_py.i
[34mWriting[0m    build/jeod/models/dynamics/mass/include/mass_body_links_py.i
[34mWriting[0m    build/jeod/models/dynamics/mass/include/mass_messages_py.i
[34mWriting[0m    build/jeod/models/dynamics/mass/include/mass_point_py.i
[34mWriting[0m    build/jeod/models/dynamics/mass/include/mass_point_init_py.i
[34mWriting[0m    build/jeod/models/dynamics/mass/include/mass_point_links_py.i
[34mWriting[0m    build/jeod/models/dynamics/mass/include/mass_point_state_py.i
[34mWriting[0m    build/jeod/models/dynamics/mass/include/mass_properties_py.i
[34mWriting[0m    build/jeod/models/dynamics/mass/include/mass_properties_init_py.i
[34mWriting[0m    build/jeod/models/environment/ephemerides/ephem_interface/include/class_declarations_py.i
[34mWriting[0m    build/jeod/models/environment/ephemerides/ephem_interface/include/ephem_interface_py.i
[34mWriting[0m    build/jeod/models/environment/ephemerides/ephem_interface/include/ephem_ref_frame_py.i
[34mWriting[0m    build/jeod/models/environment/ephemerides/ephem_interface/include/simple_ephemerides_py.i
[34mWriting[0m    build/jeod/models/environment/ephemerides/ephem_item/include/class_declarations_py.i
[34mWriting[0m    build/jeod/models/environment/ephemerides/ephem_item/include/ephem_item_py.i
[34mWriting[0m    build/jeod/models/environment/ephemerides/ephem_item/include/ephem_item_inline_py.i
[34mWriting[0m    build/jeod/models/environment/ephemerides/ephem_item/include/ephem_point_py.i
[34mWriting[0m    build/jeod/models/environment/ephemerides/ephem_manager/include/base_ephem_manager_py.i
[34mWriting[0m    build/jeod/models/environment/ephemerides/ephem_manager/include/ephem_manager_py.i
[34mWriting[0m    build/jeod/models/environment/gravity/include/class_declarations_py.i
[34mWriting[0m    build/jeod/models/environment/gravity/include/gravity_integ_frame_py.i
[34mWriting[0m    build/jeod/models/environment/gravity/include/gravity_interaction_py.i
[34mWriting[0m    build/jeod/models/environment/gravity/include/gravity_source_py.i
[34mWriting[0m    build/jeod/models/environment/planet/include/base_planet_py.i
[34mWriting[0m    build/jeod/models/environment/planet/include/class_declarations_py.i
[34mWriting[0m    build/jeod/models/environment/planet/include/planet_py.i
[34mWriting[0m    build/jeod/models/environment/time/include/class_declarations_py.i
[34mWriting[0m    build/jeod/models/environment/time/include/time_py.i
[34mWriting[0m    build/jeod/models/environment/time/include/time_converter_py.i
[34mWriting[0m    build/jeod/models/environment/time/include/time_converter_dyn_tai_py.i
[34mWriting[0m    build/jeod/models/environment/time/include/time_dyn_py.i
[34mWriting[0m    build/jeod/models/environment/time/include/time_enum_py.i
[34mWriting[0m    build/jeod/models/environment/time/include/time_links_py.i
[34mWriting[0m    build/jeod/models/environment/time/include/time_manager_py.i
[34mWriting[0m    build/jeod/models/environment/time/include/time_manager_init_py.i
[34mWriting[0m    build/jeod/models/environment/time/include/time_standard_py.i
[34mWriting[0m    build/jeod/models/environment/time/include/time_tai_py.i
[34mWriting[0m    build/jeod/models/interactions/contact/include/class_declarations_py.i
[34mWriting[0m    build/jeod/models/interactions/contact/include/contact_py.i
[34mWriting[0m    build/jeod/models/interactions/contact/include/contact_facet_py.i
[34mWriting[0m    build/jeod/models/interactions/contact/include/contact_pair_py.i
[34mWriting[0m    build/jeod/models/interactions/contact/include/contact_params_py.i
[34mWriting[0m    build/jeod/models/interactions/contact/include/contact_surface_py.i
[34mWriting[0m    build/jeod/models/interactions/contact/include/contact_surface_factory_py.i
[34mWriting[0m    build/jeod/models/interactions/contact/include/line_contact_facet_py.i
[34mWriting[0m    build/jeod/models/interactions/contact/include/line_contact_facet_factory_py.i
[34mWriting[0m    build/jeod/models/interactions/contact/include/line_contact_pair_py.i
[34mWriting[0m    build/jeod/models/interactions/contact/include/line_point_contact_pair_py.i
[34mWriting[0m    build/jeod/models/interactions/contact/include/pair_interaction_py.i
[34mWriting[0m    build/jeod/models/interactions/contact/include/point_contact_facet_py.i
[34mWriting[0m    build/jeod/models/interactions/contact/include/point_contact_facet_factory_py.i
[34mWriting[0m    build/jeod/models/interactions/contact/include/point_contact_pair_py.i
[34mWriting[0m    build/jeod/models/interactions/contact/include/spring_pair_interaction_py.i
[34mWriting[0m    build/jeod/models/interactions/contact/verif/SIM_contact/S_source_py.i
[34mWriting[0m    build/jeod/models/utils/container/include/checkpointable_py.i
[34mWriting[0m    build/jeod/models/utils/container/include/container_py.i
[34mWriting[0m    build/jeod/models/utils/container/include/jeod_associative_container_py.i
[34mWriting[0m    build/jeod/models/utils/container/include/jeod_container_compare_py.i
[34mWriting[0m    build/jeod/models/utils/container/include/jeod_list_py.i
[34mWriting[0m    build/jeod/models/utils/container/include/jeod_sequence_container_py.i
[34mWriting[0m    build/jeod/models/utils/container/include/jeod_set_py.i
[34mWriting[0m    build/jeod/models/utils/container/include/jeod_stl_container_py.i
[34mWriting[0m    build/jeod/models/utils/container/include/jeod_vector_py.i
[34mWriting[0m    build/jeod/models/utils/container/include/object_container_py.i
[34mWriting[0m    build/jeod/models/utils/container/include/object_list_py.i
[34mWriting[0m    build/jeod/models/utils/container/include/object_vector_py.i
[34mWriting[0m    build/jeod/models/utils/container/include/pointer_container_py.i
[34mWriting[0m    build/jeod/models/utils/container/include/pointer_list_py.i
[34mWriting[0m    build/jeod/models/utils/container/include/pointer_vector_py.i
[34mWriting[0m    build/jeod/models/utils/container/include/primitive_container_py.i
[34mWriting[0m    build/jeod/models/utils/container/include/primitive_serializer_py.i
[34mWriting[0m    build/jeod/models/utils/container/include/primitive_set_py.i
[34mWriting[0m    build/jeod/models/utils/container/include/simple_checkpointable_py.i
[34mWriting[0m    build/jeod/models/utils/integration/include/generalized_second_order_ode_technique_py.i
[34mWriting[0m    build/jeod/models/utils/integration/include/integration_messages_py.i
[34mWriting[0m    build/jeod/models/utils/integration/include/jeod_integration_group_py.i
[34mWriting[0m    build/jeod/models/utils/integration/include/jeod_integration_time_py.i
[34mWriting[0m    build/jeod/models/utils/integration/include/restartable_state_integrator_py.i
[34mWriting[0m    build/jeod/models/utils/integration/include/restartable_state_integrator_templates_py.i
[34mWriting[0m    build/jeod/models/utils/integration/include/time_change_subscriber_py.i
[34mWriting[0m    build/jeod/models/utils/math/include/macro_def_py.i
[34mWriting[0m    build/jeod/models/utils/math/include/macro_undef_py.i
[34mWriting[0m    build/jeod/models/utils/math/include/matrix3x3_py.i
[34mWriting[0m    build/jeod/models/utils/math/include/matrix3x3_inline_py.i
[34mWriting[0m    build/jeod/models/utils/math/include/numerical_py.i
[34mWriting[0m    build/jeod/models/utils/math/include/numerical_inline_py.i
[34mWriting[0m    build/jeod/models/utils/math/include/vector3_py.i
[34mWriting[0m    build/jeod/models/utils/math/include/vector3_inline_py.i
[34mWriting[0m    build/jeod/models/utils/memory/include/jeod_alloc_py.i
[34mWriting[0m    build/jeod/models/utils/memory/include/jeod_alloc_get_allocated_pointer_py.i
[34mWriting[0m    build/jeod/models/utils/memory/include/memory_manager_py.i
[34mWriting[0m    build/jeod/models/utils/message/include/class_declarations_py.i
[34mWriting[0m    build/jeod/models/utils/message/include/message_handler_py.i
[34mWriting[0m    build/jeod/models/utils/message/include/suppressed_code_message_handler_py.i
[34mWriting[0m    build/jeod/models/utils/named_item/include/named_item_py.i
[34mWriting[0m    build/jeod/models/utils/orientation/include/orientation_py.i
[34mWriting[0m    build/jeod/models/utils/quaternion/include/quat_py.i
[34mWriting[0m    build/jeod/models/utils/quaternion/include/quat_inline_py.i
[34mWriting[0m    build/jeod/models/utils/ref_frames/include/base_ref_frame_manager_py.i
[34mWriting[0m    build/jeod/models/utils/ref_frames/include/class_declarations_py.i
[34mWriting[0m    build/jeod/models/utils/ref_frames/include/ref_frame_py.i
[34mWriting[0m    build/jeod/models/utils/ref_frames/include/ref_frame_inline_py.i
[34mWriting[0m    build/jeod/models/utils/ref_frames/include/ref_frame_interface_py.i
[34mWriting[0m    build/jeod/models/utils/ref_frames/include/ref_frame_items_py.i
[34mWriting[0m    build/jeod/models/utils/ref_frames/include/ref_frame_items_inline_py.i
[34mWriting[0m    build/jeod/models/utils/ref_frames/include/ref_frame_links_py.i
[34mWriting[0m    build/jeod/models/utils/ref_frames/include/ref_frame_manager_py.i
[34mWriting[0m    build/jeod/models/utils/ref_frames/include/ref_frame_messages_py.i
[34mWriting[0m    build/jeod/models/utils/ref_frames/include/ref_frame_state_py.i
[34mWriting[0m    build/jeod/models/utils/ref_frames/include/ref_frame_state_inline_py.i
[34mWriting[0m    build/jeod/models/utils/ref_frames/include/subscription_py.i
[34mWriting[0m    build/jeod/models/utils/ref_frames/include/tree_links_py.i
[34mWriting[0m    build/jeod/models/utils/sim_interface/include/checkpoint_input_manager_py.i
[34mWriting[0m    build/jeod/models/utils/sim_interface/include/checkpoint_output_manager_py.i
[34mWriting[0m    build/jeod/models/utils/sim_interface/include/class_declarations_py.i
[34mWriting[0m    build/jeod/models/utils/sim_interface/include/config_py.i
[34mWriting[0m    build/jeod/models/utils/sim_interface/include/config_trick10_py.i
[34mWriting[0m    build/jeod/models/utils/sim_interface/include/jeod_class_py.i
[34mWriting[0m    build/jeod/models/utils/sim_interface/include/jeod_integrator_interface_py.i
[34mWriting[0m    build/jeod/models/utils/sim_interface/include/jeod_trick_integrator_py.i
[34mWriting[0m    build/jeod/models/utils/sim_interface/include/jeod_va_macro_utility_py.i
[34mWriting[0m    build/jeod/models/utils/sim_interface/include/memory_attributes_py.i
[34mWriting[0m    build/jeod/models/utils/sim_interface/include/memory_interface_py.i
[34mWriting[0m    build/jeod/models/utils/sim_interface/include/simulation_interface_py.i
[34mWriting[0m    build/jeod/models/utils/sim_interface/include/trick10_memory_interface_py.i
[34mWriting[0m    build/jeod/models/utils/sim_interface/include/trick_memory_interface_py.i
[34mWriting[0m    build/jeod/models/utils/sim_interface/include/trick_message_handler_py.i
[34mWriting[0m    build/jeod/models/utils/sim_interface/include/trick_sim_interface_py.i
[34mWriting[0m    build/jeod/models/utils/surface_model/include/class_declarations_py.i
[34mWriting[0m    build/jeod/models/utils/surface_model/include/cylinder_py.i
[34mWriting[0m    build/jeod/models/utils/surface_model/include/facet_py.i
[34mWriting[0m    build/jeod/models/utils/surface_model/include/facet_params_py.i
[34mWriting[0m    build/jeod/models/utils/surface_model/include/flat_plate_py.i
[34mWriting[0m    build/jeod/models/utils/surface_model/include/flat_plate_circular_py.i
[34mWriting[0m    build/jeod/models/utils/surface_model/include/interaction_facet_py.i
[34mWriting[0m    build/jeod/models/utils/surface_model/include/interaction_facet_factory_py.i
[34mWriting[0m    build/jeod/models/utils/surface_model/include/interaction_surface_py.i
[34mWriting[0m    build/jeod/models/utils/surface_model/include/interaction_surface_factory_py.i
[34mWriting[0m    build/jeod/models/utils/surface_model/include/surface_model_py.i
[34mSWIGing[0m    build/jeod/models/dynamics/body_action/include/body_action_py.i
[34mCompiling[0m  build/jeod/models/dynamics/body_action/include/body_action_py.cpp
[34mSWIGing[0m    build/jeod/models/dynamics/body_action/include/class_declarations_py.i
[34mCompiling[0m  build/jeod/models/dynamics/body_action/include/class_declarations_py.cpp
[34mSWIGing[0m    build/jeod/models/dynamics/body_action/include/dyn_body_init_py.i
[34mCompiling[0m  build/jeod/models/dynamics/body_action/include/dyn_body_init_py.cpp
[34mSWIGing[0m    build/jeod/models/dynamics/body_action/include/dyn_body_init_rot_state_py.i
[34mCompiling[0m  build/jeod/models/dynamics/body_action/include/dyn_body_init_rot_state_py.cpp
[34mSWIGing[0m    build/jeod/models/dynamics/body_action/include/dyn_body_init_trans_state_py.i
[34mCompiling[0m  build/jeod/models/dynamics/body_action/include/dyn_body_init_trans_state_py.cpp
[34mSWIGing[0m    build/jeod/models/dynamics/body_action/include/mass_body_init_py.i
[34mCompiling[0m  build/jeod/models/dynamics/body_action/include/mass_body_init_py.cpp
[34mSWIGing[0m    build/jeod/models/dynamics/derived_state/include/class_declarations_py.i
[34mCompiling[0m  build/jeod/models/dynamics/derived_state/include/class_declarations_py.cpp
[34mSWIGing[0m    build/jeod/models/dynamics/derived_state/include/derived_state_py.i
[34mCompiling[0m  build/jeod/models/dynamics/derived_state/include/derived_state_py.cpp
[34mSWIGing[0m    build/jeod/models/dynamics/derived_state/include/relative_derived_state_py.i
[34mCompiling[0m  build/jeod/models/dynamics/derived_state/include/relative_derived_state_py.cpp
[34mSWIGing[0m    build/jeod/models/dynamics/dyn_body/include/body_force_collect_py.i
[34mCompiling[0m  build/jeod/models/dynamics/dyn_body/include/body_force_collect_py.cpp
[34mSWIGing[0m    build/jeod/models/dynamics/dyn_body/include/body_ref_frame_py.i
[34mCompiling[0m  build/jeod/models/dynamics/dyn_body/include/body_ref_frame_py.cpp
[34mSWIGing[0m    build/jeod/models/dynamics/dyn_body/include/class_declarations_py.i
[34mCompiling[0m  build/jeod/models/dynamics/dyn_body/include/class_declarations_py.cpp
[34mSWIGing[0m    build/jeod/models/dynamics/dyn_body/include/dyn_body_py.i
[34mCompiling[0m  build/jeod/models/dynamics/dyn_body/include/dyn_body_py.cpp
[34mSWIGing[0m    build/jeod/models/dynamics/dyn_body/include/dyn_body_generic_rigid_attach_py.i
[34mCompiling[0m  build/jeod/models/dynamics/dyn_body/include/dyn_body_generic_rigid_attach_py.cpp
[34mSWIGing[0m    build/jeod/models/dynamics/dyn_body/include/force_py.i
[34mCompiling[0m  build/jeod/models/dynamics/dyn_body/include/force_py.cpp
[34mSWIGing[0m    build/jeod/models/dynamics/dyn_body/include/force_inline_py.i
[34mCompiling[0m  build/jeod/models/dynamics/dyn_body/include/force_inline_py.cpp
[34mSWIGing[0m    build/jeod/models/dynamics/dyn_body/include/frame_derivs_py.i
[34mCompiling[0m  build/jeod/models/dynamics/dyn_body/include/frame_derivs_py.cpp
[34mSWIGing[0m    build/jeod/models/dynamics/dyn_body/include/torque_py.i
[34mCompiling[0m  build/jeod/models/dynamics/dyn_body/include/torque_py.cpp
[34mSWIGing[0m    build/jeod/models/dynamics/dyn_body/include/torque_inline_py.i
[34mCompiling[0m  build/jeod/models/dynamics/dyn_body/include/torque_inline_py.cpp
[34mSWIGing[0m    build/jeod/models/dynamics/dyn_manager/include/base_dyn_manager_py.i
[34mCompiling[0m  build/jeod/models/dynamics/dyn_manager/include/base_dyn_manager_py.cpp
[34mSWIGing[0m    build/jeod/models/dynamics/dyn_manager/include/class_declarations_py.i
[34mCompiling[0m  build/jeod/models/dynamics/dyn_manager/include/class_declarations_py.cpp
[34mSWIGing[0m    build/jeod/models/dynamics/dyn_manager/include/dyn_manager_py.i
[34mCompiling[0m  build/jeod/models/dynamics/dyn_manager/include/dyn_manager_py.cpp
[34mSWIGing[0m    build/jeod/models/dynamics/dyn_manager/include/dyn_manager_init_py.i
[34mCompiling[0m  build/jeod/models/dynamics/dyn_manager/include/dyn_manager_init_py.cpp
[34mSWIGing[0m    build/jeod/models/dynamics/dyn_manager/include/dynamics_integration_group_py.i
[34mCompiling[0m  build/jeod/models/dynamics/dyn_manager/include/dynamics_integration_group_py.cpp
[34mSWIGing[0m    build/jeod/models/dynamics/mass/include/class_declarations_py.i
[34mCompiling[0m  build/jeod/models/dynamics/mass/include/class_declarations_py.cpp
[34mSWIGing[0m    build/jeod/models/dynamics/mass/include/mass_py.i
[34mCompiling[0m  build/jeod/models/dynamics/mass/include/mass_py.cpp
[34mSWIGing[0m    build/jeod/models/dynamics/mass/include/mass_body_links_py.i
[34mCompiling[0m  build/jeod/models/dynamics/mass/include/mass_body_links_py.cpp
[34mSWIGing[0m    build/jeod/models/dynamics/mass/include/mass_messages_py.i
[34mCompiling[0m  build/jeod/models/dynamics/mass/include/mass_messages_py.cpp
[34mSWIGing[0m    build/jeod/models/dynamics/mass/include/mass_point_py.i
[34mCompiling[0m  build/jeod/models/dynamics/mass/include/mass_point_py.cpp
[34mSWIGing[0m    build/jeod/models/dynamics/mass/include/mass_point_init_py.i
[34mCompiling[0m  build/jeod/models/dynamics/mass/include/mass_point_init_py.cpp
[34mSWIGing[0m    build/jeod/models/dynamics/mass/include/mass_point_links_py.i
[34mCompiling[0m  build/jeod/models/dynamics/mass/include/mass_point_links_py.cpp
[34mSWIGing[0m    build/jeod/models/dynamics/mass/include/mass_point_state_py.i
[34mCompiling[0m  build/jeod/models/dynamics/mass/include/mass_point_state_py.cpp
[34mSWIGing[0m    build/jeod/models/dynamics/mass/include/mass_properties_py.i
[34mCompiling[0m  build/jeod/models/dynamics/mass/include/mass_properties_py.cpp
[34mSWIGing[0m    build/jeod/models/dynamics/mass/include/mass_properties_init_py.i
[34mCompiling[0m  build/jeod/models/dynamics/mass/include/mass_properties_init_py.cpp
[34mSWIGing[0m    build/jeod/models/environment/ephemerides/ephem_interface/include/class_declarations_py.i
[34mCompiling[0m  build/jeod/models/environment/ephemerides/ephem_interface/include/class_declarations_py.cpp
[34mSWIGing[0m    build/jeod/models/environment/ephemerides/ephem_interface/include/ephem_interface_py.i
[34mCompiling[0m  build/jeod/models/environment/ephemerides/ephem_interface/include/ephem_interface_py.cpp
[34mSWIGing[0m    build/jeod/models/environment/ephemerides/ephem_interface/include/ephem_ref_frame_py.i
[34mCompiling[0m  build/jeod/models/environment/ephemerides/ephem_interface/include/ephem_ref_frame_py.cpp
[34mSWIGing[0m    build/jeod/models/environment/ephemerides/ephem_interface/include/simple_ephemerides_py.i
[34mCompiling[0m  build/jeod/models/environment/ephemerides/ephem_interface/include/simple_ephemerides_py.cpp
[34mSWIGing[0m    build/jeod/models/environment/ephemerides/ephem_item/include/class_declarations_py.i
[34mCompiling[0m  build/jeod/models/environment/ephemerides/ephem_item/include/class_declarations_py.cpp
[34mSWIGing[0m    build/jeod/models/environment/ephemerides/ephem_item/include/ephem_item_py.i
[34mCompiling[0m  build/jeod/models/environment/ephemerides/ephem_item/include/ephem_item_py.cpp
[34mSWIGing[0m    build/jeod/models/environment/ephemerides/ephem_item/include/ephem_item_inline_py.i
[34mCompiling[0m  build/jeod/models/environment/ephemerides/ephem_item/include/ephem_item_inline_py.cpp
[34mSWIGing[0m    build/jeod/models/environment/ephemerides/ephem_item/include/ephem_point_py.i
[34mCompiling[0m  build/jeod/models/environment/ephemerides/ephem_item/include/ephem_point_py.cpp
[34mSWIGing[0m    build/jeod/models/environment/ephemerides/ephem_manager/include/base_ephem_manager_py.i
[34mCompiling[0m  build/jeod/models/environment/ephemerides/ephem_manager/include/base_ephem_manager_py.cpp
[34mSWIGing[0m    build/jeod/models/environment/ephemerides/ephem_manager/include/ephem_manager_py.i
[34mCompiling[0m  build/jeod/models/environment/ephemerides/ephem_manager/include/ephem_manager_py.cpp
[34mSWIGing[0m    build/jeod/models/environment/gravity/include/class_declarations_py.i
[34mCompiling[0m  build/jeod/models/environment/gravity/include/class_declarations_py.cpp
[34mSWIGing[0m    build/jeod/models/environment/gravity/include/gravity_integ_frame_py.i
[34mCompiling[0m  build/jeod/models/environment/gravity/include/gravity_integ_frame_py.cpp
[34mSWIGing[0m    build/jeod/models/environment/gravity/include/gravity_interaction_py.i
[34mCompiling[0m  build/jeod/models/environment/gravity/include/gravity_interaction_py.cpp
[34mSWIGing[0m    build/jeod/models/environment/gravity/include/gravity_source_py.i
[34mCompiling[0m  build/jeod/models/environment/gravity/include/gravity_source_py.cpp
[34mSWIGing[0m    build/jeod/models/environment/planet/include/base_planet_py.i
[34mCompiling[0m  build/jeod/models/environment/planet/include/base_planet_py.cpp
[34mSWIGing[0m    build/jeod/models/environment/planet/include/class_declarations_py.i
[34mCompiling[0m  build/jeod/models/environment/planet/include/class_declarations_py.cpp
[34mSWIGing[0m    build/jeod/models/environment/planet/include/planet_py.i
[34mCompiling[0m  build/jeod/models/environment/planet/include/planet_py.cpp
[34mSWIGing[0m    build/jeod/models/environment/time/include/class_declarations_py.i
[34mCompiling[0m  build/jeod/models/environment/time/include/class_declarations_py.cpp
[34mSWIGing[0m    build/jeod/models/environment/time/include/time_py.i
[34mCompiling[0m  build/jeod/models/environment/time/include/time_py.cpp
[34mSWIGing[0m    build/jeod/models/environment/time/include/time_converter_py.i
[34mCompiling[0m  build/jeod/models/environment/time/include/time_converter_py.cpp
[34mSWIGing[0m    build/jeod/models/environment/time/include/time_converter_dyn_tai_py.i
[34mCompiling[0m  build/jeod/models/environment/time/include/time_converter_dyn_tai_py.cpp
[34mSWIGing[0m    build/jeod/models/environment/time/include/time_dyn_py.i
[34mCompiling[0m  build/jeod/models/environment/time/include/time_dyn_py.cpp
[34mSWIGing[0m    build/jeod/models/environment/time/include/time_enum_py.i
[34mCompiling[0m  build/jeod/models/environment/time/include/time_enum_py.cpp
[34mSWIGing[0m    build/jeod/models/environment/time/include/time_links_py.i
[34mCompiling[0m  build/jeod/models/environment/time/include/time_links_py.cpp
[34mSWIGing[0m    build/jeod/models/environment/time/include/time_manager_py.i
[34mCompiling[0m  build/jeod/models/environment/time/include/time_manager_py.cpp
build/jeod/models/environment/time/include/time_manager_py.cpp: In function 'PyObject* _wrap_TimeManager_register_converter(PyObject*, PyObject*)':
build/jeod/models/environment/time/include/time_manager_py.cpp:25870:35: warning: 'void operator delete(void*)' called on unallocated object '<anonymous>' [-Wfree-nonheap-object]
25870 |   if (SWIG_IsNewObj(res4)) delete arg4;
      |                                   ^~~~
build/jeod/models/environment/time/include/time_manager_py.cpp:25789:38: note: declared here
25789 |   std::string const &arg4_defvalue = "" ;
      |                                      ^~
[34mSWIGing[0m    build/jeod/models/environment/time/include/time_manager_init_py.i
[34mCompiling[0m  build/jeod/models/environment/time/include/time_manager_init_py.cpp
[34mSWIGing[0m    build/jeod/models/environment/time/include/time_standard_py.i
[34mCompiling[0m  build/jeod/models/environment/time/include/time_standard_py.cpp
[34mSWIGing[0m    build/jeod/models/environment/time/include/time_tai_py.i
[34mCompiling[0m  build/jeod/models/environment/time/include/time_tai_py.cpp
[34mSWIGing[0m    build/jeod/models/interactions/contact/include/class_declarations_py.i
[34mCompiling[0m  build/jeod/models/interactions/contact/include/class_declarations_py.cpp
[34mSWIGing[0m    build/jeod/models/interactions/contact/include/contact_py.i
[34mCompiling[0m  build/jeod/models/interactions/contact/include/contact_py.cpp
[34mSWIGing[0m    build/jeod/models/interactions/contact/include/contact_facet_py.i
[34mCompiling[0m  build/jeod/models/interactions/contact/include/contact_facet_py.cpp
[34mSWIGing[0m    build/jeod/models/interactions/contact/include/contact_pair_py.i
[34mCompiling[0m  build/jeod/models/interactions/contact/include/contact_pair_py.cpp
[34mSWIGing[0m    build/jeod/models/interactions/contact/include/contact_params_py.i
[34mCompiling[0m  build/jeod/models/interactions/contact/include/contact_params_py.cpp
[34mSWIGing[0m    build/jeod/models/interactions/contact/include/contact_surface_py.i
[34mCompiling[0m  build/jeod/models/interactions/contact/include/contact_surface_py.cpp
[34mSWIGing[0m    build/jeod/models/interactions/contact/include/contact_surface_factory_py.i
[34mCompiling[0m  build/jeod/models/interactions/contact/include/contact_surface_factory_py.cpp
[34mSWIGing[0m    build/jeod/models/interactions/contact/include/line_contact_facet_py.i
[34mCompiling[0m  build/jeod/models/interactions/contact/include/line_contact_facet_py.cpp
[34mSWIGing[0m    build/jeod/models/interactions/contact/include/line_contact_facet_factory_py.i
[34mCompiling[0m  build/jeod/models/interactions/contact/include/line_contact_facet_factory_py.cpp
[34mSWIGing[0m    build/jeod/models/interactions/contact/include/line_contact_pair_py.i
[34mCompiling[0m  build/jeod/models/interactions/contact/include/line_contact_pair_py.cpp
[34mSWIGing[0m    build/jeod/models/interactions/contact/include/line_point_contact_pair_py.i
[34mCompiling[0m  build/jeod/models/interactions/contact/include/line_point_contact_pair_py.cpp
[34mSWIGing[0m    build/jeod/models/interactions/contact/include/pair_interaction_py.i
[34mCompiling[0m  build/jeod/models/interactions/contact/include/pair_interaction_py.cpp
[34mSWIGing[0m    build/jeod/models/interactions/contact/include/point_contact_facet_py.i
[34mCompiling[0m  build/jeod/models/interactions/contact/include/point_contact_facet_py.cpp
[34mSWIGing[0m    build/jeod/models/interactions/contact/include/point_contact_facet_factory_py.i
[34mCompiling[0m  build/jeod/models/interactions/contact/include/point_contact_facet_factory_py.cpp
[34mSWIGing[0m    build/jeod/models/interactions/contact/include/point_contact_pair_py.i
[34mCompiling[0m  build/jeod/models/interactions/contact/include/point_contact_pair_py.cpp
[34mSWIGing[0m    build/jeod/models/interactions/contact/include/spring_pair_interaction_py.i
[34mCompiling[0m  build/jeod/models/interactions/contact/include/spring_pair_interaction_py.cpp
[34mSWIGing[0m    build/jeod/models/interactions/contact/verif/SIM_contact/S_source_py.i
[34mCompiling[0m  build/jeod/models/interactions/contact/verif/SIM_contact/S_source_py.cpp
[34mSWIGing[0m    build/jeod/models/utils/container/include/checkpointable_py.i
[34mCompiling[0m  build/jeod/models/utils/container/include/checkpointable_py.cpp
[34mSWIGing[0m    build/jeod/models/utils/container/include/container_py.i
[34mCompiling[0m  build/jeod/models/utils/container/include/container_py.cpp
[34mSWIGing[0m    build/jeod/models/utils/container/include/jeod_associative_container_py.i
[34mCompiling[0m  build/jeod/models/utils/container/include/jeod_associative_container_py.cpp
[34mSWIGing[0m    build/jeod/models/utils/container/include/jeod_container_compare_py.i
[34mCompiling[0m  build/jeod/models/utils/container/include/jeod_container_compare_py.cpp
[34mSWIGing[0m    build/jeod/models/utils/container/include/jeod_list_py.i
[34mCompiling[0m  build/jeod/models/utils/container/include/jeod_list_py.cpp
[34mSWIGing[0m    build/jeod/models/utils/container/include/jeod_sequence_container_py.i
[34mCompiling[0m  build/jeod/models/utils/container/include/jeod_sequence_container_py.cpp
[34mSWIGing[0m    build/jeod/models/utils/container/include/jeod_set_py.i
[34mCompiling[0m  build/jeod/models/utils/container/include/jeod_set_py.cpp
[34mSWIGing[0m    build/jeod/models/utils/container/include/jeod_stl_container_py.i
[34mCompiling[0m  build/jeod/models/utils/container/include/jeod_stl_container_py.cpp
[34mSWIGing[0m    build/jeod/models/utils/container/include/jeod_vector_py.i
[34mCompiling[0m  build/jeod/models/utils/container/include/jeod_vector_py.cpp
[34mSWIGing[0m    build/jeod/models/utils/container/include/object_container_py.i
[34mCompiling[0m  build/jeod/models/utils/container/include/object_container_py.cpp
[34mSWIGing[0m    build/jeod/models/utils/container/include/object_list_py.i
[34mCompiling[0m  build/jeod/models/utils/container/include/object_list_py.cpp
[34mSWIGing[0m    build/jeod/models/utils/container/include/object_vector_py.i
[34mCompiling[0m  build/jeod/models/utils/container/include/object_vector_py.cpp
[34mSWIGing[0m    build/jeod/models/utils/container/include/pointer_container_py.i
[34mCompiling[0m  build/jeod/models/utils/container/include/pointer_container_py.cpp
[34mSWIGing[0m    build/jeod/models/utils/container/include/pointer_list_py.i
[34mCompiling[0m  build/jeod/models/utils/container/include/pointer_list_py.cpp
[34mSWIGing[0m    build/jeod/models/utils/container/include/pointer_vector_py.i
[34mCompiling[0m  build/jeod/models/utils/container/include/pointer_vector_py.cpp
[34mSWIGing[0m    build/jeod/models/utils/container/include/primitive_container_py.i
[34mCompiling[0m  build/jeod/models/utils/container/include/primitive_container_py.cpp
[34mSWIGing[0m    build/jeod/models/utils/container/include/primitive_serializer_py.i
[34mCompiling[0m  build/jeod/models/utils/container/include/primitive_serializer_py.cpp
[34mSWIGing[0m    build/jeod/models/utils/container/include/primitive_set_py.i
[34mCompiling[0m  build/jeod/models/utils/container/include/primitive_set_py.cpp
[34mSWIGing[0m    build/jeod/models/utils/container/include/simple_checkpointable_py.i
[34mCompiling[0m  build/jeod/models/utils/container/include/simple_checkpointable_py.cpp
[34mSWIGing[0m    build/jeod/models/utils/integration/include/generalized_second_order_ode_technique_py.i
[34mCompiling[0m  build/jeod/models/utils/integration/include/generalized_second_order_ode_technique_py.cpp
[34mSWIGing[0m    build/jeod/models/utils/integration/include/integration_messages_py.i
[34mCompiling[0m  build/jeod/models/utils/integration/include/integration_messages_py.cpp
[34mSWIGing[0m    build/jeod/models/utils/integration/include/jeod_integration_group_py.i
[34mCompiling[0m  build/jeod/models/utils/integration/include/jeod_integration_group_py.cpp
[34mSWIGing[0m    build/jeod/models/utils/integration/include/jeod_integration_time_py.i
[34mCompiling[0m  build/jeod/models/utils/integration/include/jeod_integration_time_py.cpp
[34mSWIGing[0m    build/jeod/models/utils/integration/include/restartable_state_integrator_py.i
[34mCompiling[0m  build/jeod/models/utils/integration/include/restartable_state_integrator_py.cpp
[34mSWIGing[0m    build/jeod/models/utils/integration/include/restartable_state_integrator_templates_py.i
[34mCompiling[0m  build/jeod/models/utils/integration/include/restartable_state_integrator_templates_py.cpp
[34mSWIGing[0m    build/jeod/models/utils/integration/include/time_change_subscriber_py.i
[34mCompiling[0m  build/jeod/models/utils/integration/include/time_change_subscriber_py.cpp
[34mSWIGing[0m    build/jeod/models/utils/math/include/macro_def_py.i
[34mCompiling[0m  build/jeod/models/utils/math/include/macro_def_py.cpp
[34mSWIGing[0m    build/jeod/models/utils/math/include/macro_undef_py.i
[34mCompiling[0m  build/jeod/models/utils/math/include/macro_undef_py.cpp
[34mSWIGing[0m    build/jeod/models/utils/math/include/matrix3x3_py.i
[34mCompiling[0m  build/jeod/models/utils/math/include/matrix3x3_py.cpp
[34mSWIGing[0m    build/jeod/models/utils/math/include/matrix3x3_inline_py.i
[34mCompiling[0m  build/jeod/models/utils/math/include/matrix3x3_inline_py.cpp
[34mSWIGing[0m    build/jeod/models/utils/math/include/numerical_py.i
[34mCompiling[0m  build/jeod/models/utils/math/include/numerical_py.cpp
[34mSWIGing[0m    build/jeod/models/utils/math/include/numerical_inline_py.i
[34mCompiling[0m  build/jeod/models/utils/math/include/numerical_inline_py.cpp
[34mSWIGing[0m    build/jeod/models/utils/math/include/vector3_py.i
[34mCompiling[0m  build/jeod/models/utils/math/include/vector3_py.cpp
[34mSWIGing[0m    build/jeod/models/utils/math/include/vector3_inline_py.i
[34mCompiling[0m  build/jeod/models/utils/math/include/vector3_inline_py.cpp
[34mSWIGing[0m    build/jeod/models/utils/memory/include/jeod_alloc_py.i
[34mCompiling[0m  build/jeod/models/utils/memory/include/jeod_alloc_py.cpp
[34mSWIGing[0m    build/jeod/models/utils/memory/include/jeod_alloc_get_allocated_pointer_py.i
[34mCompiling[0m  build/jeod/models/utils/memory/include/jeod_alloc_get_allocated_pointer_py.cpp
[34mSWIGing[0m    build/jeod/models/utils/memory/include/memory_manager_py.i
[34mCompiling[0m  build/jeod/models/utils/memory/include/memory_manager_py.cpp
[34mSWIGing[0m    build/jeod/models/utils/message/include/class_declarations_py.i
[34mCompiling[0m  build/jeod/models/utils/message/include/class_declarations_py.cpp
[34mSWIGing[0m    build/jeod/models/utils/message/include/message_handler_py.i
[34mCompiling[0m  build/jeod/models/utils/message/include/message_handler_py.cpp
[34mSWIGing[0m    build/jeod/models/utils/message/include/suppressed_code_message_handler_py.i
[34mCompiling[0m  build/jeod/models/utils/message/include/suppressed_code_message_handler_py.cpp
[34mSWIGing[0m    build/jeod/models/utils/named_item/include/named_item_py.i
[34mCompiling[0m  build/jeod/models/utils/named_item/include/named_item_py.cpp
[34mSWIGing[0m    build/jeod/models/utils/orientation/include/orientation_py.i
[34mCompiling[0m  build/jeod/models/utils/orientation/include/orientation_py.cpp
[34mSWIGing[0m    build/jeod/models/utils/quaternion/include/quat_py.i
[34mCompiling[0m  build/jeod/models/utils/quaternion/include/quat_py.cpp
[34mSWIGing[0m    build/jeod/models/utils/quaternion/include/quat_inline_py.i
[34mCompiling[0m  build/jeod/models/utils/quaternion/include/quat_inline_py.cpp
[34mSWIGing[0m    build/jeod/models/utils/ref_frames/include/base_ref_frame_manager_py.i
[34mCompiling[0m  build/jeod/models/utils/ref_frames/include/base_ref_frame_manager_py.cpp
[34mSWIGing[0m    build/jeod/models/utils/ref_frames/include/class_declarations_py.i
[34mCompiling[0m  build/jeod/models/utils/ref_frames/include/class_declarations_py.cpp
[34mSWIGing[0m    build/jeod/models/utils/ref_frames/include/ref_frame_py.i
[34mCompiling[0m  build/jeod/models/utils/ref_frames/include/ref_frame_py.cpp
[34mSWIGing[0m    build/jeod/models/utils/ref_frames/include/ref_frame_inline_py.i
[34mCompiling[0m  build/jeod/models/utils/ref_frames/include/ref_frame_inline_py.cpp
[34mSWIGing[0m    build/jeod/models/utils/ref_frames/include/ref_frame_interface_py.i
[34mCompiling[0m  build/jeod/models/utils/ref_frames/include/ref_frame_interface_py.cpp
[34mSWIGing[0m    build/jeod/models/utils/ref_frames/include/ref_frame_items_py.i
[34mCompiling[0m  build/jeod/models/utils/ref_frames/include/ref_frame_items_py.cpp
[34mSWIGing[0m    build/jeod/models/utils/ref_frames/include/ref_frame_items_inline_py.i
[34mCompiling[0m  build/jeod/models/utils/ref_frames/include/ref_frame_items_inline_py.cpp
[34mSWIGing[0m    build/jeod/models/utils/ref_frames/include/ref_frame_links_py.i
[34mCompiling[0m  build/jeod/models/utils/ref_frames/include/ref_frame_links_py.cpp
[34mSWIGing[0m    build/jeod/models/utils/ref_frames/include/ref_frame_manager_py.i
[34mCompiling[0m  build/jeod/models/utils/ref_frames/include/ref_frame_manager_py.cpp
[34mSWIGing[0m    build/jeod/models/utils/ref_frames/include/ref_frame_messages_py.i
[34mCompiling[0m  build/jeod/models/utils/ref_frames/include/ref_frame_messages_py.cpp
[34mSWIGing[0m    build/jeod/models/utils/ref_frames/include/ref_frame_state_py.i
[34mCompiling[0m  build/jeod/models/utils/ref_frames/include/ref_frame_state_py.cpp
[34mSWIGing[0m    build/jeod/models/utils/ref_frames/include/ref_frame_state_inline_py.i
[34mCompiling[0m  build/jeod/models/utils/ref_frames/include/ref_frame_state_inline_py.cpp
[34mSWIGing[0m    build/jeod/models/utils/ref_frames/include/subscription_py.i
[34mCompiling[0m  build/jeod/models/utils/ref_frames/include/subscription_py.cpp
[34mSWIGing[0m    build/jeod/models/utils/ref_frames/include/tree_links_py.i
[34mCompiling[0m  build/jeod/models/utils/ref_frames/include/tree_links_py.cpp
[34mSWIGing[0m    build/jeod/models/utils/sim_interface/include/checkpoint_input_manager_py.i
[34mCompiling[0m  build/jeod/models/utils/sim_interface/include/checkpoint_input_manager_py.cpp
[34mSWIGing[0m    build/jeod/models/utils/sim_interface/include/checkpoint_output_manager_py.i
[34mCompiling[0m  build/jeod/models/utils/sim_interface/include/checkpoint_output_manager_py.cpp
[34mSWIGing[0m    build/jeod/models/utils/sim_interface/include/class_declarations_py.i
[34mCompiling[0m  build/jeod/models/utils/sim_interface/include/class_declarations_py.cpp
[34mSWIGing[0m    build/jeod/models/utils/sim_interface/include/config_py.i
[34mCompiling[0m  build/jeod/models/utils/sim_interface/include/config_py.cpp
[34mSWIGing[0m    build/jeod/models/utils/sim_interface/include/config_trick10_py.i
[34mCompiling[0m  build/jeod/models/utils/sim_interface/include/config_trick10_py.cpp
[34mSWIGing[0m    build/jeod/models/utils/sim_interface/include/jeod_class_py.i
[34mCompiling[0m  build/jeod/models/utils/sim_interface/include/jeod_class_py.cpp
[34mSWIGing[0m    build/jeod/models/utils/sim_interface/include/jeod_integrator_interface_py.i
[34mCompiling[0m  build/jeod/models/utils/sim_interface/include/jeod_integrator_interface_py.cpp
[34mSWIGing[0m    build/jeod/models/utils/sim_interface/include/jeod_trick_integrator_py.i
[34mCompiling[0m  build/jeod/models/utils/sim_interface/include/jeod_trick_integrator_py.cpp
[34mSWIGing[0m    build/jeod/models/utils/sim_interface/include/jeod_va_macro_utility_py.i
[34mCompiling[0m  build/jeod/models/utils/sim_interface/include/jeod_va_macro_utility_py.cpp
[34mSWIGing[0m    build/jeod/models/utils/sim_interface/include/memory_attributes_py.i
[34mCompiling[0m  build/jeod/models/utils/sim_interface/include/memory_attributes_py.cpp
[34mSWIGing[0m    build/jeod/models/utils/sim_interface/include/memory_interface_py.i
[34mCompiling[0m  build/jeod/models/utils/sim_interface/include/memory_interface_py.cpp
[34mSWIGing[0m    build/jeod/models/utils/sim_interface/include/simulation_interface_py.i
[34mCompiling[0m  build/jeod/models/utils/sim_interface/include/simulation_interface_py.cpp
[34mSWIGing[0m    build/jeod/models/utils/sim_interface/include/trick10_memory_interface_py.i
[34mCompiling[0m  build/jeod/models/utils/sim_interface/include/trick10_memory_interface_py.cpp
[34mSWIGing[0m    build/jeod/models/utils/sim_interface/include/trick_memory_interface_py.i
[34mCompiling[0m  build/jeod/models/utils/sim_interface/include/trick_memory_interface_py.cpp
[34mSWIGing[0m    build/jeod/models/utils/sim_interface/include/trick_message_handler_py.i
[34mCompiling[0m  build/jeod/models/utils/sim_interface/include/trick_message_handler_py.cpp
[34mSWIGing[0m    build/jeod/models/utils/sim_interface/include/trick_sim_interface_py.i
[34mCompiling[0m  build/jeod/models/utils/sim_interface/include/trick_sim_interface_py.cpp
[34mSWIGing[0m    build/jeod/models/utils/surface_model/include/class_declarations_py.i
[34mCompiling[0m  build/jeod/models/utils/surface_model/include/class_declarations_py.cpp
[34mSWIGing[0m    build/jeod/models/utils/surface_model/include/cylinder_py.i
[34mCompiling[0m  build/jeod/models/utils/surface_model/include/cylinder_py.cpp
[34mSWIGing[0m    build/jeod/models/utils/surface_model/include/facet_py.i
[34mCompiling[0m  build/jeod/models/utils/surface_model/include/facet_py.cpp
[34mSWIGing[0m    build/jeod/models/utils/surface_model/include/facet_params_py.i
[34mCompiling[0m  build/jeod/models/utils/surface_model/include/facet_params_py.cpp
[34mSWIGing[0m    build/jeod/models/utils/surface_model/include/flat_plate_py.i
[34mCompiling[0m  build/jeod/models/utils/surface_model/include/flat_plate_py.cpp
[34mSWIGing[0m    build/jeod/models/utils/surface_model/include/flat_plate_circular_py.i
[34mCompiling[0m  build/jeod/models/utils/surface_model/include/flat_plate_circular_py.cpp
[34mSWIGing[0m    build/jeod/models/utils/surface_model/include/interaction_facet_py.i
[34mCompiling[0m  build/jeod/models/utils/surface_model/include/interaction_facet_py.cpp
[34mSWIGing[0m    build/jeod/models/utils/surface_model/include/interaction_facet_factory_py.i
[34mCompiling[0m  build/jeod/models/utils/surface_model/include/interaction_facet_factory_py.cpp
[34mSWIGing[0m    build/jeod/models/utils/surface_model/include/interaction_surface_py.i
[34mCompiling[0m  build/jeod/models/utils/surface_model/include/interaction_surface_py.cpp
[34mSWIGing[0m    build/jeod/models/utils/surface_model/include/interaction_surface_factory_py.i
build/jeod/models/utils/surface_model/include/interaction_surface_factory_py.i:99: Warning 509: Overloaded method jeod::InteractionSurfaceFactory::create_surface(jeod::SurfaceModel &,jeod::InteractionSurface &) effectively ignored,
build/jeod/models/utils/surface_model/include/interaction_surface_factory_py.i:93: Warning 509: as it is shadowed by jeod::InteractionSurfaceFactory::create_surface(jeod::SurfaceModel *,jeod::InteractionSurface *).
[34mCompiling[0m  build/jeod/models/utils/surface_model/include/interaction_surface_factory_py.cpp
[34mSWIGing[0m    build/jeod/models/utils/surface_model/include/surface_model_py.i
build/jeod/models/utils/surface_model/include/surface_model_py.i:111: Warning 509: Overloaded method jeod::FacetStateInfo::FacetStateInfo(jeod::MassBody &) effectively ignored,
build/jeod/models/utils/surface_model/include/surface_model_py.i:105: Warning 509: as it is shadowed by jeod::FacetStateInfo::FacetStateInfo(jeod::MassBody *).
[34mCompiling[0m  build/jeod/models/utils/surface_model/include/surface_model_py.cpp
[34mSWIGing[0m    build/top.i
[34mCompiling[0m  build/top.cpp
[34mCompiling[0m  build/init_swig_modules.cpp
Building JPL DE4XX ephemeris files
make[1]: Entering directory '/jeod'
Building JEOD Library
rm -r /jeod/build_Linux_11.5_x86_64
rm: cannot remove '/jeod/build_Linux_11.5_x86_64': No such file or directory
make[1]: [bin/jeod/makefile:96: all] Error 1 (ignored)
cmake -B /jeod/build_Linux_11.5_x86_64 -DCMAKE_BUILD_TYPE=Debug -DINSTALL_DIR=/jeod/lib_jeod_Linux_11.5_x86_64 -DTRICK_BUILD=1  \
           -DENABLE_UNIT_TESTS=0 -DREGEN_DE4XX_DATA=0 \
           -DCMAKE_CXX_FLAGS="-std=c++11 -Wall -I/jeod/models -isystem/trick/trick_source -isystem/trick/include -isystem/trick/include/trick/compat -DTRICK_VER=25 -DTRICK_MINOR=0 -fpic -I/usr/include/udunits2 -DUSE_ER7_UTILS_INTEGRATORS" -DDE4XX_ONLY=1 -S /jeod
-- The CXX compiler identification is GNU 11.5.0
-- The C compiler identification is GNU 11.5.0
-- Detecting CXX compiler ABI info
-- Detecting CXX compiler ABI info - done
-- Check for working CXX compiler: /usr/bin/c++ - skipped
-- Detecting CXX compile features
-- Detecting CXX compile features - done
-- Detecting C compiler ABI info
-- Detecting C compiler ABI info - done
-- Check for working C compiler: /usr/bin/cc - skipped
-- Detecting C compile features
-- Detecting C compile features - done
-- TRICK_BUILD defined with TRICK_HOME=/trick TRICK_VER=25

CMake Warning at bin/jeod/common_config.cmake:82 (message):
  Unable to find SpiceUsr.h.  Disabling spice build.
Call Stack (most recent call first):
  CMakeLists.txt:5 (include)


-- Found DE src files for DEID = 405
-- 	List of src files for libde405.so : de405_0.cc;de405_1.cc;de405_10.cc;de405_11.cc;de405_12.cc;de405_13.cc;de405_14.cc;de405_15.cc;de405_16.cc;de405_17.cc;de405_18.cc;de405_19.cc;de405_2.cc;de405_20.cc;de405_21.cc;de405_22.cc;de405_23.cc;de405_24.cc;de405_25.cc;de405_26.cc;de405_27.cc;de405_28.cc;de405_29.cc;de405_3.cc;de405_30.cc;de405_4.cc;de405_5.cc;de405_6.cc;de405_7.cc;de405_8.cc;de405_9.cc
-- Found DE src files for DEID = 421
-- 	List of src files for libde421.so : de421_0.cc;de421_1.cc
-- Found DE src files for DEID = 440
-- 	List of src files for libde440.so : de440_0.cc;de440_1.cc;de440_10.cc;de440_2.cc;de440_3.cc;de440_4.cc;de440_5.cc;de440_6.cc;de440_7.cc;de440_8.cc;de440_9.cc
-- Detected de405;de421;de440
-- Configuring done (0.3s)
-- Generating done (0.0s)
-- Build files have been written to: /jeod/build_Linux_11.5_x86_64
make -C /jeod/build_Linux_11.5_x86_64 install
make[2]: Entering directory '/jeod/build_Linux_11.5_x86_64'
make[3]: Entering directory '/jeod/build_Linux_11.5_x86_64'
make[4]: Entering directory '/jeod/build_Linux_11.5_x86_64'
make[4]: Leaving directory '/jeod/build_Linux_11.5_x86_64'
make[4]: Entering directory '/jeod/build_Linux_11.5_x86_64'
[  2%] Building CXX object models/environment/ephemerides/de4xx_ephem/data/CMakeFiles/de405.dir/data_src/de405_0.cc.o
[  4%] Building CXX object models/environment/ephemerides/de4xx_ephem/data/CMakeFiles/de405.dir/data_src/de405_1.cc.o
[  6%] Building CXX object models/environment/ephemerides/de4xx_ephem/data/CMakeFiles/de405.dir/data_src/de405_10.cc.o
[  8%] Building CXX object models/environment/ephemerides/de4xx_ephem/data/CMakeFiles/de405.dir/data_src/de405_11.cc.o
[ 10%] Building CXX object models/environment/ephemerides/de4xx_ephem/data/CMakeFiles/de405.dir/data_src/de405_12.cc.o
[ 12%] Building CXX object models/environment/ephemerides/de4xx_ephem/data/CMakeFiles/de405.dir/data_src/de405_13.cc.o
[ 14%] Building CXX object models/environment/ephemerides/de4xx_ephem/data/CMakeFiles/de405.dir/data_src/de405_14.cc.o
[ 17%] Building CXX object models/environment/ephemerides/de4xx_ephem/data/CMakeFiles/de405.dir/data_src/de405_15.cc.o
[ 19%] Building CXX object models/environment/ephemerides/de4xx_ephem/data/CMakeFiles/de405.dir/data_src/de405_16.cc.o
[ 21%] Building CXX object models/environment/ephemerides/de4xx_ephem/data/CMakeFiles/de405.dir/data_src/de405_17.cc.o
[ 23%] Building CXX object models/environment/ephemerides/de4xx_ephem/data/CMakeFiles/de405.dir/data_src/de405_18.cc.o
[ 25%] Building CXX object models/environment/ephemerides/de4xx_ephem/data/CMakeFiles/de405.dir/data_src/de405_19.cc.o
[ 27%] Building CXX object models/environment/ephemerides/de4xx_ephem/data/CMakeFiles/de405.dir/data_src/de405_2.cc.o
[ 29%] Building CXX object models/environment/ephemerides/de4xx_ephem/data/CMakeFiles/de405.dir/data_src/de405_20.cc.o
[ 31%] Building CXX object models/environment/ephemerides/de4xx_ephem/data/CMakeFiles/de405.dir/data_src/de405_21.cc.o
[ 34%] Building CXX object models/environment/ephemerides/de4xx_ephem/data/CMakeFiles/de405.dir/data_src/de405_22.cc.o
[ 36%] Building CXX object models/environment/ephemerides/de4xx_ephem/data/CMakeFiles/de405.dir/data_src/de405_23.cc.o
[ 38%] Building CXX object models/environment/ephemerides/de4xx_ephem/data/CMakeFiles/de405.dir/data_src/de405_24.cc.o
[ 40%] Building CXX object models/environment/ephemerides/de4xx_ephem/data/CMakeFiles/de405.dir/data_src/de405_25.cc.o
[ 42%] Building CXX object models/environment/ephemerides/de4xx_ephem/data/CMakeFiles/de405.dir/data_src/de405_26.cc.o
[ 44%] Building CXX object models/environment/ephemerides/de4xx_ephem/data/CMakeFiles/de405.dir/data_src/de405_27.cc.o
[ 46%] Building CXX object models/environment/ephemerides/de4xx_ephem/data/CMakeFiles/de405.dir/data_src/de405_28.cc.o
[ 48%] Building CXX object models/environment/ephemerides/de4xx_ephem/data/CMakeFiles/de405.dir/data_src/de405_29.cc.o
[ 51%] Building CXX object models/environment/ephemerides/de4xx_ephem/data/CMakeFiles/de405.dir/data_src/de405_3.cc.o
[ 53%] Building CXX object models/environment/ephemerides/de4xx_ephem/data/CMakeFiles/de405.dir/data_src/de405_30.cc.o
[ 55%] Building CXX object models/environment/ephemerides/de4xx_ephem/data/CMakeFiles/de405.dir/data_src/de405_4.cc.o
[ 57%] Building CXX object models/environment/ephemerides/de4xx_ephem/data/CMakeFiles/de405.dir/data_src/de405_5.cc.o
[ 59%] Building CXX object models/environment/ephemerides/de4xx_ephem/data/CMakeFiles/de405.dir/data_src/de405_6.cc.o
[ 61%] Building CXX object models/environment/ephemerides/de4xx_ephem/data/CMakeFiles/de405.dir/data_src/de405_7.cc.o
[ 63%] Building CXX object models/environment/ephemerides/de4xx_ephem/data/CMakeFiles/de405.dir/data_src/de405_8.cc.o
[ 65%] Building CXX object models/environment/ephemerides/de4xx_ephem/data/CMakeFiles/de405.dir/data_src/de405_9.cc.o
[ 68%] Linking CXX shared library libde405.so
make[4]: Leaving directory '/jeod/build_Linux_11.5_x86_64'
[ 68%] Built target de405
make[4]: Entering directory '/jeod/build_Linux_11.5_x86_64'
make[4]: Leaving directory '/jeod/build_Linux_11.5_x86_64'
make[4]: Entering directory '/jeod/build_Linux_11.5_x86_64'
[ 70%] Building CXX object models/environment/ephemerides/de4xx_ephem/data/CMakeFiles/de421.dir/data_src/de421_0.cc.o
[ 72%] Building CXX object models/environment/ephemerides/de4xx_ephem/data/CMakeFiles/de421.dir/data_src/de421_1.cc.o
[ 74%] Linking CXX shared library libde421.so
make[4]: Leaving directory '/jeod/build_Linux_11.5_x86_64'
[ 74%] Built target de421
make[4]: Entering directory '/jeod/build_Linux_11.5_x86_64'
make[4]: Leaving directory '/jeod/build_Linux_11.5_x86_64'
make[4]: Entering directory '/jeod/build_Linux_11.5_x86_64'
[ 76%] Building CXX object models/environment/ephemerides/de4xx_ephem/data/CMakeFiles/de440.dir/data_src/de440_0.cc.o
[ 78%] Building CXX object models/environment/ephemerides/de4xx_ephem/data/CMakeFiles/de440.dir/data_src/de440_1.cc.o
[ 80%] Building CXX object models/environment/ephemerides/de4xx_ephem/data/CMakeFiles/de440.dir/data_src/de440_10.cc.o
[ 82%] Building CXX object models/environment/ephemerides/de4xx_ephem/data/CMakeFiles/de440.dir/data_src/de440_2.cc.o
[ 85%] Building CXX object models/environment/ephemerides/de4xx_ephem/data/CMakeFiles/de440.dir/data_src/de440_3.cc.o
[ 87%] Building CXX object models/environment/ephemerides/de4xx_ephem/data/CMakeFiles/de440.dir/data_src/de440_4.cc.o
[ 89%] Building CXX object models/environment/ephemerides/de4xx_ephem/data/CMakeFiles/de440.dir/data_src/de440_5.cc.o
[ 91%] Building CXX object models/environment/ephemerides/de4xx_ephem/data/CMakeFiles/de440.dir/data_src/de440_6.cc.o
[ 93%] Building CXX object models/environment/ephemerides/de4xx_ephem/data/CMakeFiles/de440.dir/data_src/de440_7.cc.o
[ 95%] Building CXX object models/environment/ephemerides/de4xx_ephem/data/CMakeFiles/de440.dir/data_src/de440_8.cc.o
[ 97%] Building CXX object models/environment/ephemerides/de4xx_ephem/data/CMakeFiles/de440.dir/data_src/de440_9.cc.o
[100%] Linking CXX shared library libde440.so
make[4]: Leaving directory '/jeod/build_Linux_11.5_x86_64'
[100%] Built target de440
make[3]: Leaving directory '/jeod/build_Linux_11.5_x86_64'
Install the project...
-- Install configuration: "Debug"
-- Installing: /jeod/lib_jeod_Linux_11.5_x86_64/de4xx_lib/libde405.so
-- Installing: /jeod/lib_jeod_Linux_11.5_x86_64/de4xx_lib/libde421.so
-- Installing: /jeod/lib_jeod_Linux_11.5_x86_64/de4xx_lib/libde440.so
make[2]: Leaving directory '/jeod/build_Linux_11.5_x86_64'
make[1]: Leaving directory '/jeod'
ln -snf /jeod/lib_jeod_Linux_11.5_x86_64/de4xx_lib build/de4xx_lib;
cd build;\
lib_rel_path=`python3 -c 'import os.path, sys; print(os.path.relpath("/jeod/lib_jeod_Linux_11.5_x86_64/de4xx_lib", "."))'`;\
ln -snf ${lib_rel_path} de4xx_lib
[34mLinking[0m    S_main_Linux_11.5_x86_64.exe
[34mWriting[0m    S_sie.resource
[34mCompiling[0m  Python modules
[34mZipping[0m    Python modules into trick.zip
[32mTrick Build Process Complete[00m
